hypernym,anchor,hyponym
decoration,home decor,birdbath
animal,insect,fly
produce,fruit,banana
organism,plant,leek
organism,animal,skunk
utilities,toiletry,razor
substance,food,quesadilla
transportation,vehicle,school bus
vertebrate,mammal,porcupine
substance,food,pear
utilities,toiletry,toothpaste
clothing,outerwear,scarf
instrument,tool,stamp
produce,fruit,melon
clothing,women's clothing,pantsuit
instrument,tool,blowtorch
clothing,outerwear,apron
device,electronic device,radio
substance,food,garlic
instrument,tool,sweeper
produce,fruit,mulberry
equipment,school supply,paperclip
sweet,candy,candy
instrument,weapon,dart
device,electronic device,camcorder
decoration,furniture,footrest
transportation,vehicle,humvee
decoration,home decor,bonsai
organism,plant,fern
artifact,toy,boomerang
instrument,tool,trident
organism,plant,plant
artifact,toy,scooter
substance,food,cream cheese
equipment,school supply,highlighter
storage,container,tank
instrument,tool,sawhorse
substance,food,soy sauce
storage,container,cabinet
decoration,home decor,crystal ball
organism,animal,hedgehog
sweet,candy,licorice
transportation,vehicle,space shuttle
artifact,toy,stilt
organism,animal,stingray
organism,animal,mole
storage,container,wine bottle
storage,container,dresser
storage,container,aquarium
food,seafood,fish
tool,kitchen tool,grater
device,musical instrument,flute
decoration,home decor,cuckoo clock
organism,plant,tumbleweed
covering,clothing,bulletproof vest
food,breakfast,pastry
instrument,tool,air pump
clothing,headwear,bonnet
substance,food,mushroom
instrument,medical equipment,brace
artifact,toy,crayon
clothing,accessory,bow
instrument,tool,chain
instrument,weapon,chainsaw
organism,plant,bamboo
clothing,headwear,headscarf
produce,fruit,mango
food product,condiment,butter
transportation,vehicle,police car
instrument,medical equipment,vial
organism,plant,orchid
produce,vegetable,jalapeno
organism,animal,rhinoceros
animal,livestock,duck
decoration,jewelry,jewelry
substance,food,croissant
food,breakfast,waffle
home appliance,kitchen equipment,coffeemaker
covering,footwear,rollerblade
covering,clothing,shirt
substance,food,bell pepper
decoration,jewelry,pocket watch
vertebrate,mammal,cow
produce,vegetable,chive
instrument,weapon,knife
substance,food,cornbread
storage,container,duffel bag
instrument,tool,tool
instrument,medical equipment,plaster cast
tool,kitchen tool,bottle opener
instrument,tool,vise
clothing,outerwear,cloak
connector,fastener,velcro
vertebrate,mammal,beaver
decoration,furniture,shelf
instrument,tool,curling iron
covering,clothing,headband
vertebrate,mammal,cat
equipment,office supply,pen
food,breakfast,yogurt
tool,kitchen tool,whisk
substance,food,shrimp
instrument,tool,spark plug
organism,animal,koala
organism,animal,maggot
storage,container,dumpster
organism,plant,aloe
organism,plant,clover
instrument,tool,backscratcher
substance,food,eggplant
food,drink,beer
instrument,tool,padlock
organism,plant,basil
storage,container,tupperware
food,breakfast,scrambled egg
instrument,tool,poker
vehicle,water vehicle,sailboat
food,drink,lemonade
storage,container,briefcase
tool,kitchen tool,strainer
transportation,vehicle,taxi
substance,food,spareribs
clothing,accessory,hat
organism,animal,groundhog
component,auto part,handbrake
instrument,medical equipment,first-aid kit
organism,plant,grass
organism,animal,crayfish
device,electronic device,laptop
storage,container,hot-water bottle
decoration,home decor,lampshade
equipment,office supply,notepad
substance,food,clam
component,auto part,sunroof
animal,insect,bee
covering,clothing,moccasin
organism,plant,poinsettia
organism,animal,otter
substance,food,whipped cream
organism,animal,deer
clothing,protective clothing,kneepad
device,musical instrument,tuba
substance,food,onion
produce,fruit,plum
substance,food,cereal
decoration,furniture,throne
device,electronic device,freezer
substance,food,gingerbread man
equipment,school supply,marker
covering,clothing,kimono
food,breakfast,maple syrup
substance,food,sauce
instrument,weapon,boomerang
produce,vegetable,celery
device,musical instrument,ukulele
artifact,toy,gyroscope
decoration,home decor,frame
storage,container,purse
food product,condiment,marmalade
produce,fruit,lime
transportation,vehicle,jeep
substance,food,spam
instrument,tool,funnel
clothing,headwear,headband
storage,container,basket
connector,fastener,clasp
vehicle,water vehicle,jetski
device,electronic device,icemaker
device,electronic device,fan
device,electronic device,mixer
vertebrate,bird,flamingo
instrument,tool,ladder
produce,vegetable,asparagus
instrument,weapon,grenade
instrument,tool,shovel
instrument,tool,wire
transportation,vehicle,cart
activity,game,scrabble
storage,container,measuring cup
vertebrate,bird,duck
decoration,furniture,bed
covering,clothing,glove
food,drink,punch
substance,food,noodle
organism,plant,chive
instrument,tool,bolt
organism,animal,piglet
food,seafood,blowfish
connector,fastener,tape
instrument,tool,faucet
substance,food,gum
vertebrate,mammal,calf
organism,animal,platypus
organism,animal,sloth
covering,clothing,life jacket
home appliance,kitchen equipment,food processor
organism,animal,vulture
substance,food,french fries
decoration,furniture,cabinet
animal,insect,ant
decoration,home decor,wind chimes
vertebrate,mammal,anteater
device,electronic device,record player
organism,animal,tarantula
food,seafood,calamari
storage,container,terrarium
decoration,furniture,dresser
decoration,home decor,vase
vertebrate,mammal,bat
device,electronic device,toaster oven
substance,food,dough
decoration,home decor,abacus
organism,animal,jellyfish
substance,food,wafer
home appliance,kitchen equipment,water filter
organism,animal,puppy
organism,animal,parrot
component,auto part,wheel
substance,food,hamburger
storage,container,drawer
substance,food,salad
substance,food,scallion
substance,food,catfish
food,breakfast,bacon
organism,animal,aardvark
clothing,accessory,bolo tie
device,electronic device,water heater
substance,food,piecrust
instrument,tool,crank
organism,animal,ram
substance,food,roll
organism,animal,bear
decoration,furniture,cot
vertebrate,mammal,hippopotamus
vertebrate,mammal,poodle
instrument,tool,ladle
produce,vegetable,chickpea
decoration,home decor,birdcage
decoration,home decor,christmas tree
storage,container,shaker
storage,container,sarcophagus
covering,footwear,boot
organism,animal,donkey
home appliance,kitchen equipment,juicer
substance,food,cotton candy
sweet,candy,peppermint
equipment,office supply,folder
device,electronic device,slot machine
component,auto part,hubcap
organism,animal,gazelle
decoration,jewelry,crown
covering,clothing,spacesuit
organism,animal,dolphin
instrument,tool,cleaver
animal,sea animal,octopus
substance,food,wedding cake
food,breakfast,toast
vertebrate,mammal,zebra
food product,condiment,ginger
food,dessert,souffle
decoration,home decor,doily
organism,animal,lizard
produce,vegetable,broccoli
device,electronic device,pinball
connector,fastener,barrette
vertebrate,mammal,rat
covering,footwear,shoe
produce,fruit,star fruit
tool,garden tool,shovel
device,electronic device,washing machine
animal,insect,earwig
instrument,weapon,dynamite
organism,plant,asparagus
artifact,toy,lego
substance,food,parsley
equipment,office supply,notebook
sweet,candy,lollipop
storage,container,goblet
substance,food,brownie
instrument,tool,doorknocker
storage,container,pitcher
connector,fastener,gasket
instrument,tool,blowtorch
produce,fruit,blackberry
device,electronic device,tape recorder
organism,animal,chihuahua
storage,container,locker
instrument,tool,file
transportation,vehicle,rocket
decoration,home decor,globe
vertebrate,mammal,badger
food,drink,hot chocolate
transportation,vehicle,bulldozer
equipment,office supply,fountain pen
sweet,candy,candy cane
organism,animal,lamb
food,dessert,parfait
home appliance,kitchen equipment,burner
food,breakfast,oatmeal
substance,food,coconut
food,seafood,swordfish
substance,food,mustard
storage,container,suitcase
organism,animal,reindeer
clothing,accessory,mitten
instrument,tool,watering can
animal,sea animal,turtle
organism,plant,apple tree
organism,plant,mint
animal,livestock,cow
food,dessert,sorbet
equipment,school supply,crayon
decoration,jewelry,locket
clothing,accessory,watch
decoration,furniture,rack
substance,food,almond
organism,animal,duckling
substance,food,cabbage
tool,kitchen tool,tongs
substance,food,popsicle
organism,animal,crab
activity,game,chessboard
connector,fastener,lock
substance,food,egg
animal,sea animal,eel
home appliance,kitchen equipment,hotplate
organism,animal,cockroach
utilities,toiletry,nail clippers
vertebrate,mammal,bison
instrument,tool,doorhandle
device,electronic device,incubator
tool,garden tool,hose
storage,container,urn
decoration,home decor,wreath
instrument,tool,mallet
instrument,tool,switch
instrument,weapon,revolver
activity,game,pinball
decoration,home decor,curtain
clothing,accessory,bonnet
food,dessert,ice-cream cone
substance,food,jalapeno
instrument,tool,tape measure
tool,kitchen tool,measuring cup
transportation,vehicle,camper
organism,plant,tree
substance,food,scrambled egg
vertebrate,mammal,weasel
organism,animal,warthog
storage,container,bin
device,electronic device,music box
instrument,tool,peeler
tool,kitchen tool,grinder
equipment,office supply,scissors
device,electronic device,chainsaw
organism,animal,squirrel
storage,container,shopping basket
covering,clothing,shawl
component,auto part,headlight
instrument,tool,tool
transportation,vehicle,airboat
decoration,furniture,step stool
instrument,tool,vise
clothing,accessory,glasses
substance,food,cupcake
organism,plant,broccoli
substance,food,goose
instrument,tool,knob
substance,food,cantaloupe
clothing,women's clothing,tiara
food,dessert,pastry
produce,vegetable,squash
organism,animal,grasshopper
produce,fruit,pomegranate
organism,animal,raccoon
decoration,home decor,candle
component,auto part,car door
tool,garden tool,lawnmower
equipment,office supply,eraser
instrument,tool,razor
vertebrate,mammal,mongoose
storage,container,water bottle
organism,animal,horse
food,breakfast,peanut butter
storage,container,cup
produce,vegetable,sprouts
utilities,toiletry,hairbrush
instrument,tool,punch
organism,animal,wasp
storage,container,barrel
covering,clothing,sandal
instrument,tool,polisher
organism,animal,fish
equipment,office supply,binder
covering,clothing,slipper
instrument,tool,eggbeater
instrument,weapon,crowbar
animal,sea animal,stingray
clothing,women's clothing,kimono
substance,food,grapefruit
organism,animal,barnacle
clothing,protective clothing,apron
instrument,tool,icepick
clothing,protective clothing,helmet
vehicle,water vehicle,torpedo
device,electronic device,microphone
equipment,school supply,glue
device,electronic device,dryer
substance,food,mashed potato
storage,container,lunchbox
instrument,tool,chisel
substance,food,lasagna
organism,plant,rose
substance,food,fruit
utilities,toiletry,clipper
organism,animal,flamingo
food,seafood,squid
device,electronic device,cooker
produce,vegetable,potato
food,breakfast,scone
covering,clothing,bracelet
artifact,toy,balloon
substance,food,baklava
transportation,vehicle,hearse
instrument,tool,marker
storage,container,jar
instrument,tool,hinge
substance,food,pineapple
activity,game,yo-yo
vertebrate,bird,cardinal
instrument,tool,soldering iron
substance,food,eclair
device,electronic device,jukebox
storage,container,kettle
organism,animal,chipmunk
food,dessert,muffin
organism,animal,gorilla
instrument,tool,valve
organism,animal,duck
covering,clothing,pantsuit
food product,condiment,jam
substance,food,breadstick
storage,container,fishbowl
substance,food,biscuit
instrument,tool,button
substance,food,celery
transportation,vehicle,chariot
substance,food,spring roll
organism,plant,hedge
organism,animal,lion
vertebrate,bird,puffin
instrument,tool,ladder
instrument,tool,pencil
organism,animal,worm
equipment,office supply,envelope
device,electronic device,juicer
organism,plant,bush
storage,container,chest
organism,plant,ivy
storage,container,vial
organism,animal,kangaroo
decoration,furniture,coat rack
artifact,toy,robot
substance,food,bacon
device,electronic device,printer
food,seafood,crayfish
organism,animal,guinea pig
food,breakfast,cream cheese
instrument,tool,chainsaw
food,seafood,oyster
clothing,accessory,brooch
clothing,outerwear,coverall
produce,fruit,raspberry
transportation,vehicle,airplane
clothing,protective clothing,glove
instrument,tool,lightbulb
instrument,tool,corkscrew
device,electronic device,blender
vertebrate,mammal,polar bear
device,musical instrument,drum
organism,animal,bull
storage,container,crate
substance,food,casserole
instrument,tool,hoe
vehicle,water vehicle,speedboat
substance,food,ready meal
device,musical instrument,piano
device,electronic device,refrigerator
organism,animal,hummingbird
device,electronic device,electric chair
covering,clothing,clothes
instrument,weapon,pocketknife
clothing,outerwear,jacket
food,seafood,lobster
substance,food,lettuce
organism,animal,cobra
storage,container,mailbox
instrument,tool,knife
produce,vegetable,cauliflower
device,electronic device,shredder
food,seafood,scallop
transportation,vehicle,train
clothing,headwear,hat
instrument,tool,crank
covering,clothing,eye patch
organism,animal,pigeon
vertebrate,bird,pelican
vertebrate,mammal,monkey
instrument,weapon,pitchfork
organism,animal,pig
decoration,furniture,table
vehicle,water vehicle,gondola
food,dessert,crepe
organism,plant,flower
decoration,furniture,chair
instrument,tool,spatula
produce,vegetable,brussels sprouts
substance,food,spinach
transportation,vehicle,subway
storage,container,birdcage
storage,container,paper bag
utilities,toiletry,toothbrush
substance,food,hummus
equipment,office supply,paperclip
decoration,home decor,figurine
organism,plant,weed
equipment,school supply,paper
substance,food,snack
instrument,weapon,baseball bat
substance,food,calzone
vertebrate,mammal,ferret
food,seafood,jellyfish
storage,container,nightstand
covering,clothing,bolo tie
transportation,vehicle,wheelchair
organism,animal,blowfish
food,drink,margarita
substance,food,oatmeal
equipment,office supply,highlighter
substance,food,patty
produce,vegetable,okra
instrument,tool,paintbrush
instrument,tool,plunger
component,auto part,rearview mirror
clothing,accessory,glove
produce,vegetable,corn
organism,animal,hyena
organism,animal,seal
device,electronic device,sewing machine
tool,garden tool,chainsaw
produce,fruit,fig
food,dessert,cookie
food,dessert,dessert
food product,condiment,ketchup
animal,sea animal,jellyfish
substance,food,meat
vertebrate,bird,cockatoo
clothing,accessory,top hat
vertebrate,mammal,gopher
organism,animal,dog
clothing,outerwear,cape
clothing,accessory,belt
instrument,tool,file
component,auto part,taillight
animal,livestock,bison
produce,fruit,orange
instrument,tool,shovel
instrument,weapon,blowgun
device,electronic device,remote control
substance,food,calamari
instrument,tool,pencil sharpener
organism,animal,possum
device,musical instrument,accordion
artifact,toy,beachball
animal,livestock,rooster
vertebrate,mammal,goat
clothing,women's clothing,skirt
substance,food,gumball
equipment,office supply,thumbtack
substance,food,avocado
substance,food,clove
food,breakfast,cereal
substance,food,seaweed
substance,food,taffy
animal,livestock,turkey
substance,food,stew
organism,animal,frog
transportation,vehicle,raft
decoration,furniture,filing cabinet
transportation,vehicle,stroller
substance,food,octopus
organism,plant,palm tree
tool,kitchen tool,kettle
artifact,toy,music box
substance,food,apple
tool,kitchen tool,pepper mill
organism,animal,ladybug
transportation,vehicle,kayak
covering,clothing,fur coat
substance,food,kebab
storage,container,honeypot
substance,food,tamale
covering,footwear,rollerskate
substance,food,sauerkraut
vertebrate,mammal,sheep
organism,animal,beetle
organism,animal,goldfish
vertebrate,bird,seagull
instrument,tool,coil
decoration,furniture,chest
substance,food,sundae
transportation,vehicle,sailboat
substance,food,enchilada
activity,game,checkers
instrument,weapon,cannon
instrument,tool,mallet
instrument,tool,quill
vertebrate,mammal,giraffe
covering,footwear,sock
covering,clothing,mitten
home appliance,kitchen equipment,microwave
component,auto part,pedal
organism,animal,llama
storage,container,mold
device,electronic device,polygraph
produce,vegetable,beet
produce,fruit,raisin
substance,food,string cheese
vehicle,water vehicle,submarine
artifact,toy,ball
covering,clothing,stockings
tool,kitchen tool,timer
instrument,tool,clasp
substance,food,butter
instrument,weapon,flamethrower
covering,footwear,moccasin
decoration,furniture,air mattress
food,breakfast,french fries
substance,food,kiwi
storage,container,watering can
device,electronic device,jackhammer
instrument,weapon,cannonball
transportation,vehicle,ambulance
connector,fastener,button
instrument,tool,hose
device,musical instrument,trumpet
substance,food,breakfast
substance,food,batter
instrument,medical equipment,penlight
clothing,outerwear,raincoat
substance,food,pudding
storage,container,sandbag
organism,animal,swordfish
decoration,home decor,scarecrow
tool,kitchen tool,nutcracker
animal,livestock,rabbit
connector,fastener,hairpin
instrument,tool,sickle
device,electronic device,modem
substance,food,curry
substance,food,grain
organism,plant,corn
substance,food,pistachio
instrument,tool,pliers
food,breakfast,donut
organism,plant,poppy
clothing,accessory,insole
food,seafood,sardine
food,breakfast,roll
organism,animal,cheetah
instrument,medical equipment,bedpan
home appliance,kitchen equipment,toaster oven
organism,animal,pug
animal,livestock,goose
substance,food,eel
covering,clothing,costume
instrument,tool,gear
component,auto part,engine
vertebrate,mammal,coyote
equipment,school supply,book
artifact,toy,toy
animal,sea animal,crab
organism,animal,toad
equipment,school supply,ink
animal,insect,caterpillar
food product,condiment,gravy
organism,animal,coral
instrument,tool,chisel
substance,food,quiche
instrument,weapon,axe
substance,food,grits
food,drink,cocktail
artifact,toy,pogo stick
substance,food,shortbread
instrument,weapon,brass knuckles
decoration,furniture,nightstand
connector,fastener,screw
instrument,medical equipment,eye patch
substance,food,pizza
vertebrate,mammal,cougar
connector,fastener,rubber band
vertebrate,bird,rooster
transportation,vehicle,sled
instrument,tool,bracket
clothing,outerwear,jumpsuit
instrument,tool,soldering iron
decoration,jewelry,watch
tool,kitchen tool,rolling pin
vertebrate,bird,turkey
food,dessert,banana split
vertebrate,bird,peacock
food,dessert,flan
utilities,toiletry,perfume
component,auto part,speedometer
instrument,tool,key
vertebrate,mammal,boar
storage,container,breadbox
instrument,tool,penlight
transportation,vehicle,cruise ship
storage,container,ballot box
produce,fruit,watermelon
produce,fruit,cranberry
device,musical instrument,kazoo
instrument,medical equipment,pillbox
sweet,candy,cotton candy
storage,container,box
covering,clothing,chaps
vehicle,water vehicle,yacht
clothing,accessory,shawl
clothing,protective clothing,wetsuit
connector,fastener,safety pin
clothing,outerwear,lab coat
instrument,tool,strainer
transportation,vehicle,dirt bike
instrument,tool,drill
storage,container,hot tub
component,auto part,windshield
substance,food,artichoke
instrument,tool,duster
covering,clothing,headdress
device,electronic device,computer
substance,food,marmalade
storage,container,petri dish
tool,kitchen tool,can opener
component,auto part,brake
animal,livestock,chicken
device,electronic device,joystick
device,electronic device,projector
instrument,tool,jackhammer
instrument,tool,ruler
vertebrate,mammal,camel
produce,vegetable,radish
animal,sea animal,fish
substance,food,pecan
substance,food,granola
substance,food,cilantro
tool,garden tool,sickle
produce,fruit,grape
produce,vegetable,rhubarb
component,auto part,spark plug
organism,animal,moose
food,dessert,tiramisu
tool,garden tool,hatchet
clothing,outerwear,coat
organism,plant,cactus
animal,sea animal,barnacle
instrument,tool,corkscrew
substance,food,coleslaw
substance,food,walnut
produce,fruit,blueberry
organism,animal,squid
food,seafood,seafood
decoration,furniture,bassinet
vertebrate,mammal,skunk
organism,animal,tadpole
covering,clothing,sweatsuit
food,breakfast,egg
covering,footwear,ski boots
organism,animal,panther
instrument,weapon,arrow
vehicle,water vehicle,raft
instrument,weapon,crossbow
produce,fruit,strawberry
covering,clothing,scarf
clothing,accessory,bracelet
device,electronic device,dishwasher
transportation,vehicle,motorcycle
substance,food,jelly bean
vehicle,water vehicle,kayak
storage,container,pan
covering,clothing,apron
instrument,weapon,rifle
covering,clothing,veil
organism,plant,lavender
transportation,vehicle,golf cart
artifact,toy,puppet
produce,vegetable,vegetable
instrument,tool,rope
transportation,vehicle,quad
substance,food,pie
instrument,tool,clipper
vertebrate,bird,goose
storage,container,hatbox
clothing,protective clothing,armor
instrument,tool,lock
substance,food,nut
covering,clothing,tiara
substance,food,peach
clothing,protective clothing,football helmet
clothing,headwear,headdress
utilities,toiletry,floss
vertebrate,mammal,hedgehog
covering,clothing,sweater
vertebrate,mammal,mole
instrument,tool,shears
produce,vegetable,bok choy
storage,container,matchbox
artifact,toy,rattle
transportation,vehicle,station wagon
organism,animal,oyster
organism,animal,cockatoo
substance,food,ham
clothing,outerwear,snowsuit
clothing,accessory,button
substance,food,pea
equipment,office supply,staple
organism,animal,mussel
instrument,tool,plunger
substance,food,cherry
instrument,tool,axe
produce,vegetable,green beans
vertebrate,mammal,rhinoceros
instrument,weapon,bomb
food product,condiment,soy sauce
substance,food,wheat
device,electronic device,microwave
produce,fruit,tomato
substance,food,salami
equipment,school supply,inkwell
clothing,accessory,earring
substance,food,ginger
artifact,toy,marble
organism,animal,lobster
produce,fruit,berry
organism,animal,scallop
equipment,school supply,pencil
food,breakfast,hash
instrument,tool,wedge
equipment,school supply,whiteboard
organism,animal,kitten
utilities,toiletry,eyeliner
covering,clothing,stiletto
storage,container,container
clothing,headwear,helmet
clothing,headwear,veil
substance,food,leek
tool,kitchen tool,spoon
animal,insect,cockroach
instrument,medical equipment,stretcher
device,electronic device,mouse
covering,clothing,outfit
storage,container,jug
decoration,jewelry,brooch
component,auto part,gearshift
instrument,tool,chainsaw
covering,clothing,cloak
clothing,headwear,tiara
device,electronic device,router
vertebrate,mammal,koala
utilities,toiletry,lip gloss
substance,food,zucchini
substance,food,gyro
organism,plant,pine tree
clothing,accessory,eye patch
organism,animal,tick
storage,container,dustpan
component,auto part,rim
transportation,vehicle,jet
artifact,toy,whoopee cushion
decoration,jewelry,tiara
instrument,weapon,catapult
covering,clothing,top hat
clothing,women's clothing,stockings
covering,clothing,belt
covering,clothing,toga
storage,container,doghouse
device,musical instrument,chime
home appliance,kitchen equipment,cooker
equipment,school supply,stapler
tool,garden tool,clipper
covering,clothing,jeans
covering,footwear,sandal
vertebrate,mammal,groundhog
animal,sea animal,blowfish
decoration,home decor,centerpiece
vehicle,water vehicle,cruise ship
clothing,accessory,corsage
animal,insect,grasshopper
decoration,furniture,bookshelf
transportation,vehicle,aircraft carrier
substance,food,donut
tool,garden tool,saw
device,electronic device,drill
instrument,tool,magnifier
vertebrate,mammal,otter
produce,fruit,prune
vertebrate,bird,penguin
instrument,tool,pocketknife
vertebrate,mammal,deer
covering,clothing,tuxedo
animal,insect,wasp
substance,food,caviar
animal,sea animal,seal
substance,food,parfait
storage,container,luggage
equipment,office supply,glue
organism,plant,bok choy
organism,animal,starfish
organism,animal,moth
clothing,accessory,sombrero
covering,footwear,snowshoe
tool,garden tool,scissors
food,drink,smoothie
instrument,tool,hose
substance,food,meatball
storage,container,wineglass
organism,plant,dandelion
instrument,medical equipment,crutch
instrument,weapon,bat
clothing,women's clothing,blouse
device,electronic device,turntable
substance,food,sorbet
instrument,tool,grater
instrument,tool,pitchfork
produce,vegetable,carrot
utilities,toiletry,lip balm
produce,vegetable,cucumber
covering,clothing,visor
produce,fruit,papaya
vertebrate,bird,crow
covering,clothing,pantyhose
storage,container,ashtray
organism,animal,yak
covering,clothing,boa
substance,food,bagel
substance,food,chocolate
instrument,tool,pliers
organism,animal,bug
storage,container,teapot
clothing,headwear,top hat
equipment,school supply,backpack
organism,animal,lightning bug
home appliance,kitchen equipment,blender
organism,animal,chinchilla
home appliance,kitchen equipment,refrigerator
device,musical instrument,harmonica
food,drink,milk
vertebrate,mammal,piglet
storage,container,birdbath
home appliance,kitchen equipment,waffle iron
produce,vegetable,tomato
clothing,headwear,wig
vertebrate,mammal,platypus
equipment,school supply,pen
vertebrate,mammal,sloth
organism,animal,turkey
organism,animal,peacock
device,electronic device,air conditioner
substance,food,cheesecake
produce,fruit,pear
decoration,furniture,beanbag
utilities,toiletry,toilet paper
substance,food,cornmeal
device,musical instrument,xylophone
instrument,tool,bottle opener
substance,food,bean
substance,food,cake
equipment,school supply,pencil sharpener
decoration,furniture,loveseat
transportation,vehicle,speedboat
vertebrate,mammal,puppy
tool,kitchen tool,scoop
food,drink,champagne
transportation,vehicle,tractor
covering,clothing,bikini
transportation,vehicle,limousine
organism,animal,bee
produce,vegetable,pumpkin
organism,animal,panda
organism,animal,mongoose
vertebrate,mammal,aardvark
substance,food,gumdrop
storage,container,saltshaker
organism,animal,walrus
vertebrate,bird,owl
vertebrate,mammal,ram
utilities,toiletry,toothpick
transportation,vehicle,forklift
food product,condiment,syrup
vertebrate,mammal,bear
activity,game,slot machine
device,electronic device,iron
device,electronic device,copier
instrument,weapon,bullet
tool,garden tool,pickax
covering,clothing,turtleneck
produce,vegetable,sweet potato
produce,vegetable,arugula
decoration,home decor,mirror
substance,food,lamb
vertebrate,mammal,donkey
transportation,vehicle,car
substance,food,sushi
organism,animal,tiger
instrument,tool,drill
food product,condiment,applesauce
covering,clothing,skirt
device,electronic device,lamp
animal,sea animal,swordfish
transportation,vehicle,gondola
substance,food,wrap
vertebrate,mammal,gazelle
substance,food,jam
organism,plant,lettuce
organism,animal,sardine
vertebrate,mammal,dolphin
instrument,tool,letter opener
produce,vegetable,kale
food,dessert,wedding cake
tool,garden tool,pitchfork
vertebrate,bird,chick
organism,animal,leopard
substance,food,crab
organism,animal,rabbit
substance,food,creme brulee
clothing,women's clothing,veil
produce,vegetable,pepper
covering,clothing,bathrobe
instrument,tool,doorknob
equipment,office supply,paper
substance,food,chive
animal,sea animal,coral
food,dessert,brownie
substance,food,cinnamon
decoration,furniture,sofa bed
substance,food,lemon
transportation,vehicle,minivan
vertebrate,bird,bird
substance,food,stuffing
substance,food,pancake
device,electronic device,cd player
covering,clothing,blazer
covering,clothing,suit
covering,clothing,straightjacket
device,electronic device,cash machine
vertebrate,mammal,chihuahua
connector,fastener,buckle
sweet,candy,gumball
vehicle,water vehicle,canoe
storage,container,bedpan
vertebrate,mammal,lamb
animal,insect,butterfly
covering,clothing,pajamas
food,seafood,sea urchin
organism,animal,dragonfly
organism,animal,orangutan
vertebrate,mammal,reindeer
device,musical instrument,bell
substance,food,stir fry
substance,food,tomato sauce
organism,animal,antelope
vehicle,water vehicle,aircraft carrier
substance,food,hash
decoration,home decor,chandelier
decoration,home decor,rug
instrument,weapon,scissors
food,breakfast,breakfast
substance,food,banana
instrument,tool,shears
connector,fastener,combination lock
substance,food,taco
substance,food,pickle
organism,animal,praying mantis
food,dessert,popsicle
substance,food,fish
substance,food,melon
activity,game,playing card
organism,animal,hamster
clothing,women's clothing,stiletto
produce,vegetable,garlic
clothing,accessory,headdress
vertebrate,bird,eagle
substance,food,mulberry
food,seafood,shrimp
food product,condiment,pesto
animal,livestock,calf
instrument,tool,axe
substance,food,meatloaf
clothing,headwear,hairnet
substance,food,appetizer
storage,container,filing cabinet
organism,plant,seaweed
covering,clothing,wetsuit
organism,plant,arugula
device,musical instrument,bongo
organism,animal,chicken
storage,container,pillbox
instrument,medical equipment,syringe
organism,animal,mouse
decoration,furniture,closet
clothing,women's clothing,bra
substance,food,cheese
decoration,home decor,candlestick
transportation,vehicle,helicopter
animal,sea animal,squid
instrument,weapon,scalpel
organism,animal,alpaca
vertebrate,mammal,warthog
animal,insect,ladybug
vertebrate,bird,toucan
instrument,tool,wedge
transportation,vehicle,submarine
organism,plant,kale
vertebrate,mammal,squirrel
organism,animal,meerkat
substance,food,asparagus
instrument,tool,fork
animal,insect,beetle
food,breakfast,grits
component,auto part,odometer
vertebrate,bird,swan
substance,food,sugar cube
organism,animal,wolf
activity,game,backgammon
substance,food,birthday cake
component,auto part,car seat
transportation,vehicle,scooter
instrument,tool,jackhammer
substance,food,ketchup
organism,animal,ferret
substance,food,mango
vertebrate,mammal,raccoon
clothing,accessory,scarf
transportation,vehicle,tricycle
equipment,school supply,ruler
vertebrate,bird,ostrich
vertebrate,mammal,horse
food,seafood,mussel
clothing,outerwear,overalls
decoration,home decor,tapestry
artifact,toy,doll
instrument,tool,hook
substance,food,tostada
decoration,home decor,lamp
food,drink,espresso
substance,food,fruitcake
food,drink,eggnog
transportation,vehicle,go-kart
equipment,school supply,fountain pen
organism,animal,rattlesnake
device,electronic device,vending machine
utilities,toiletry,shaving cream
produce,vegetable,bell pepper
substance,food,mousse
food,drink,drink
food,seafood,snail
storage,container,vase
transportation,vehicle,unicycle
device,electronic device,waffle iron
instrument,weapon,pickax
substance,food,mint
instrument,tool,screw
decoration,home decor,pinecone
decoration,jewelry,bracelet
animal,sea animal,oyster
instrument,medical equipment,sling
decoration,furniture,lectern
device,electronic device,vacuum
home appliance,kitchen equipment,oven
food,breakfast,marmalade
organism,animal,dalmatian
animal,sea animal,mussel
equipment,office supply,tape
tool,garden tool,shears
food,seafood,shark
component,auto part,license plate
food product,condiment,maple syrup
clothing,women's clothing,pantyhose
covering,clothing,armor
storage,container,coop
clothing,women's clothing,boa
food,dessert,baklava
vertebrate,bird,hawk
decoration,home decor,potpourri
food,breakfast,granola
substance,food,coffee bean
covering,clothing,muff
instrument,medical equipment,gauze
substance,food,goat
substance,food,marshmallow
instrument,tool,clipper
storage,container,tent
animal,livestock,piglet
decoration,home decor,pinwheel
food,dessert,eclair
covering,clothing,flip-flop
substance,food,chickpea
animal,sea animal,lobster
tool,garden tool,axe
substance,food,candy cane
vertebrate,mammal,chipmunk
organism,animal,fox
vertebrate,mammal,gorilla
produce,vegetable,eggplant
animal,sea animal,scallop
artifact,toy,dreidel
substance,food,buffet
organism,animal,pony
instrument,tool,saw
substance,food,cracker
instrument,tool,crowbar
instrument,tool,tongs
instrument,tool,chopsticks
vertebrate,mammal,lion
device,musical instrument,guitar
vehicle,water vehicle,seaplane
substance,food,pig
decoration,furniture,bench
covering,clothing,vest
transportation,vehicle,yacht
substance,food,cucumber
activity,game,jigsaw puzzle
transportation,vehicle,snowmobile
vertebrate,mammal,kangaroo
transportation,vehicle,hot-air balloon
covering,clothing,swimsuit
covering,clothing,t-shirt
organism,animal,manatee
clothing,protective clothing,visor
covering,clothing,turban
device,electronic device,metal detector
decoration,jewelry,hairpin
clothing,accessory,lanyard
substance,food,broccoli
vertebrate,mammal,guinea pig
decoration,jewelry,earring
food,breakfast,bread
clothing,women's clothing,bikini
covering,clothing,sombrero
substance,food,plum
instrument,weapon,whip
artifact,toy,teddy bear
substance,food,caramel
produce,vegetable,onion
animal,livestock,ram
instrument,tool,pen
equipment,school supply,chalk
instrument,tool,handle
decoration,furniture,workbench
artifact,toy,kite
vertebrate,bird,pheasant
covering,clothing,pants
animal,livestock,donkey
instrument,tool,grinder
substance,food,omelet
organism,animal,whale
organism,animal,owl
food,drink,juice
home appliance,kitchen equipment,dishwasher
covering,clothing,coverall
substance,food,lime
food,dessert,ice cream
clothing,headwear,football helmet
covering,clothing,tube top
vertebrate,mammal,bull
covering,clothing,shorts
substance,food,bun
food,breakfast,ham
transportation,vehicle,carriage
sweet,candy,jelly bean
storage,container,glass
instrument,tool,cable
decoration,furniture,ottoman
produce,fruit,coconut
storage,container,oilcan
storage,container,thermos
food,drink,wine
substance,food,yolk
covering,clothing,jacket
decoration,home decor,cornucopia
instrument,tool,nail
organism,animal,elephant
instrument,medical equipment,stethoscope
decoration,home decor,place mat
artifact,toy,rocking horse
vehicle,water vehicle,hovercraft
animal,sea animal,starfish
instrument,tool,wire cutters
activity,game,shuffleboard
substance,food,popcorn
instrument,tool,vacuum
vertebrate,mammal,pig
decoration,jewelry,ring
animal,sea animal,dolphin
substance,food,candy bar
instrument,weapon,torpedo
organism,animal,porcupine
artifact,toy,pinwheel
clothing,headwear,turban
organism,animal,alligator
substance,food,fast food
clothing,accessory,visor
substance,food,macadamia
storage,container,footbath
clothing,headwear,sombrero
instrument,weapon,razor blade
organism,animal,bird
clothing,accessory,boa
equipment,office supply,punch
organism,animal,seahorse
clothing,accessory,purse
device,musical instrument,bagpipe
instrument,tool,pickax
produce,vegetable,scallion
storage,container,keg
instrument,tool,gavel
substance,food,crouton
organism,animal,scorpion
substance,food,pita
substance,food,pepperoni
utilities,toiletry,lipstick
vertebrate,mammal,hyena
vertebrate,mammal,seal
artifact,toy,kaleidoscope
tool,kitchen tool,funnel
food,drink,milkshake
instrument,tool,metal detector
device,musical instrument,trombone
organism,animal,turtle
transportation,vehicle,buggy
storage,container,pot
organism,animal,iguana
storage,container,water heater
instrument,tool,charger
substance,food,egg roll
produce,fruit,cantaloupe
vertebrate,mammal,dog
substance,food,squash
organism,plant,grapevine
instrument,weapon,tank
vertebrate,bird,parrot
utilities,toiletry,hairdryer
food,dessert,cake mix
instrument,tool,rake
instrument,medical equipment,cane
instrument,tool,needle
covering,clothing,cape
covering,clothing,undershirt
vertebrate,mammal,possum
sweet,candy,gum
substance,food,sprouts
organism,animal,eagle
storage,container,trunk
animal,sea animal,walrus
substance,food,dip
covering,clothing,blouse
organism,animal,cardinal
substance,food,swordfish
substance,food,star fruit
clothing,protective clothing,face mask
connector,fastener,hook
instrument,medical equipment,eyedropper
transportation,vehicle,steamroller
equipment,office supply,pencil
produce,fruit,grapefruit
equipment,school supply,chalkboard
organism,animal,cow
instrument,tool,screwdriver
instrument,tool,light switch
produce,vegetable,parsley
covering,clothing,headscarf
organism,animal,mosquito
storage,container,beaker
organism,animal,puffin
storage,container,bank
organism,animal,leech
animal,sea animal,sardine
organism,animal,toucan
organism,animal,beaver
substance,food,blackberry
produce,fruit,fruit
organism,animal,cat
food,breakfast,bagel
food,dessert,sundae
substance,food,potato
vehicle,water vehicle,ferry
storage,container,bag
utilities,toiletry,shower cap
transportation,vehicle,trolley
organism,animal,swan
covering,clothing,boxer shorts
covering,clothing,leggings
animal,livestock,horse
instrument,tool,lighter
instrument,tool,nail clippers
substance,food,steak
covering,clothing,hoodie
produce,fruit,pineapple
vertebrate,mammal,llama
transportation,vehicle,tugboat
equipment,office supply,stapler
device,musical instrument,triangle
organism,animal,ostrich
tool,kitchen tool,ladle
decoration,home decor,weather vane
connector,fastener,knot
component,auto part,gasket
produce,vegetable,cabbage
decoration,furniture,bunkbed
food product,condiment,peanut butter
clothing,women's clothing,fishnet stockings
food,dessert,pudding
tool,kitchen tool,cleaver
sweet,candy,chocolate
organism,animal,sea urchin
device,electronic device,amplifier
substance,food,pretzel
instrument,tool,sledgehammer
covering,clothing,jersey
covering,clothing,raincoat
device,musical instrument,recorder
device,electronic device,television
covering,clothing,bowtie
activity,game,dice
transportation,vehicle,ship
storage,container,cage
organism,plant,moss
organism,animal,pelican
utilities,toiletry,tweezers
organism,animal,hawk
storage,container,trashcan
instrument,tool,fountain pen
vertebrate,mammal,cheetah
decoration,furniture,couch
storage,container,inkwell
vertebrate,mammal,pug
animal,insect,moth
instrument,weapon,landmine
organism,animal,shrimp
organism,animal,slug
vertebrate,bird,duckling
instrument,weapon,machine gun
food,breakfast,jam
food,drink,coffee
substance,food,fondue
transportation,vehicle,van
tool,kitchen tool,skewer
substance,food,cauliflower
artifact,toy,skateboard
food,dessert,shortbread
substance,food,cheeseburger
substance,food,easter egg
clothing,outerwear,glove
utilities,toiletry,diaper
substance,food,pomegranate
decoration,furniture,stool
substance,food,squid
substance,food,bread
device,musical instrument,keyboard
animal,insect,bug
instrument,tool,trowel
instrument,medical equipment,scalpel
animal,insect,lightning bug
connector,fastener,nail
sweet,candy,gumdrop
organism,plant,parsley
activity,game,ticktacktoe
instrument,tool,tank
organism,animal,calf
organism,plant,marijuana
instrument,tool,scraper
connector,fastener,cufflink
covering,clothing,jumpsuit
organism,animal,anteater
organism,animal,clam
home appliance,kitchen equipment,slicer
equipment,office supply,file
food,breakfast,muffin
substance,food,brussels sprouts
instrument,tool,saw
instrument,tool,crowbar
instrument,tool,staple gun
substance,food,rice
animal,livestock,bull
equipment,office supply,pencil sharpener
produce,vegetable,gourd
organism,animal,bat
organism,animal,pheasant
component,auto part,bumper
activity,game,computer
food,breakfast,pancake
animal,livestock,goat
instrument,weapon,bazooka
substance,food,burrito
clothing,women's clothing,tube top
covering,clothing,sock
food product,condiment,cream cheese
instrument,tool,scissors
device,electronic device,centrifuge
transportation,vehicle,boat
covering,clothing,lab coat
substance,food,okra
substance,food,crayfish
decoration,jewelry,barrette
storage,container,syringe
substance,food,saffron
organism,animal,snail
storage,container,wallet
organism,animal,hippopotamus
storage,container,swimming pool
organism,animal,poodle
substance,food,corn
substance,food,oyster
animal,livestock,pig
animal,livestock,sheep
organism,plant,cabbage
vertebrate,mammal,moose
substance,food,mussel
substance,food,poppy
food,drink,latte
organism,animal,fly
tool,kitchen tool,peeler
storage,container,cooker
organism,animal,shark
home appliance,kitchen equipment,stove
decoration,home decor,candelabra
covering,clothing,coat
instrument,tool,scalpel
organism,animal,seagull
device,electronic device,computer screen
instrument,tool,nutcracker
vertebrate,mammal,panther
transportation,vehicle,firetruck
instrument,tool,tweezers
device,musical instrument,gong
clothing,protective clothing,coverall
organism,animal,caterpillar
covering,footwear,iceskate
covering,clothing,bra
substance,food,lobster
organism,plant,daisy
clothing,protective clothing,overalls
organism,animal,zebra
clothing,accessory,handkerchief
substance,food,chili
substance,food,souffle
storage,container,backpack
covering,clothing,crown
substance,food,scallop
produce,fruit,avocado
instrument,weapon,hammer
organism,animal,rat
decoration,furniture,coffee table
clothing,accessory,muff
connector,fastener,pin
component,auto part,airbag
covering,clothing,cardigan
covering,clothing,lingerie
transportation,vehicle,canoe
substance,food,raspberry
food,dessert,pie
instrument,tool,combination lock
device,electronic device,defibrillator
produce,fruit,apple
tool,kitchen tool,eggbeater
covering,footwear,slipper
food,breakfast,honey
food,breakfast,crepe
activity,game,videogame
tool,kitchen tool,icepick
organism,animal,catfish
device,musical instrument,clarinet
decoration,home decor,stained glass
vehicle,water vehicle,tugboat
substance,food,syrup
utilities,toiletry,soap
food,dessert,whipped cream
animal,sea animal,manatee
organism,animal,badger
food,breakfast,sandwich
covering,clothing,diaper
produce,vegetable,lettuce
instrument,tool,pickax
instrument,weapon,bow
utilities,toiletry,nail file
substance,food,candy
substance,food,applesauce
organism,animal,snake
substance,food,beet
device,musical instrument,cello
connector,fastener,paperclip
food,seafood,seaweed
covering,clothing,snowsuit
instrument,tool,rolling pin
covering,clothing,tie
instrument,tool,sandpaper
storage,container,teacup
animal,insect,dragonfly
food,seafood,octopus
instrument,medical equipment,hearing aid
produce,fruit,kiwi
activity,game,domino
instrument,medical equipment,defibrillator
animal,sea animal,whale
organism,plant,sunflower
substance,food,licorice
device,musical instrument,violin
instrument,tool,duct
produce,vegetable,spinach
covering,clothing,bowler hat
clothing,headwear,crown
clothing,women's clothing,headscarf
vehicle,water vehicle,ship
animal,insect,praying mantis
device,electronic device,hairdryer
vertebrate,mammal,kitten
vertebrate,bird,hummingbird
organism,animal,bison
device,musical instrument,banjo
instrument,tool,rake
food product,condiment,sauce
instrument,tool,peg
instrument,tool,can opener
artifact,toy,frisbee
instrument,tool,pin
device,electronic device,scanner
storage,container,closet
organism,animal,rooster
instrument,tool,wrench
decoration,furniture,hammock
connector,fastener,chain
substance,food,ice-cream cone
clothing,women's clothing,leggings
device,electronic device,treadmill
utilities,toiletry,comb
device,musical instrument,cymbal
vertebrate,bird,pigeon
substance,food,lamb chop
clothing,accessory,bandana
instrument,weapon,baton
clothing,outerwear,shawl
decoration,home decor,gourd
organism,animal,weasel
instrument,tool,screwdriver
substance,food,basil
connector,fastener,belt buckle
covering,clothing,ski boots
connector,fastener,thumbtack
substance,food,fig
instrument,tool,magnifying glass
connector,fastener,zipper
utilities,toiletry,makeup
device,electronic device,coffeemaker
equipment,school supply,calculator
clothing,accessory,cufflink
clothing,outerwear,blazer
substance,food,pastry
animal,sea animal,seahorse
substance,food,orange
instrument,weapon,trident
clothing,accessory,cummerbund
substance,food,turkey
utilities,toiletry,swab
tool,kitchen tool,knife
substance,food,chips
covering,clothing,dress
food,dessert,donut
equipment,school supply,notepad
instrument,tool,wire cutters
sweet,candy,marshmallow
covering,clothing,suspenders
decoration,furniture,desk
substance,food,nacho
artifact,toy,noisemaker
storage,container,shopping cart
transportation,vehicle,roadsweeper
food,seafood,eel
clothing,accessory,patch
clothing,headwear,bowler hat
substance,food,pesto
substance,food,waffle
activity,game,hopscotch
vehicle,water vehicle,boat
substance,food,cordon bleu
food,breakfast,omelet
covering,clothing,uniform
substance,food,soup
instrument,tool,hammer
tool,kitchen tool,spatula
instrument,tool,chicken wire
instrument,tool,thermometer
device,electronic device,slicer
equipment,office supply,rubber band
connector,fastener,padlock
home appliance,kitchen equipment,toaster
covering,footwear,flip-flop
artifact,toy,slingshot
covering,footwear,flipper
vertebrate,mammal,yak
instrument,tool,chain
transportation,vehicle,seaplane
food,dessert,chocolate
instrument,weapon,dagger
substance,food,yogurt
substance,food,tortellini
substance,food,radish
storage,container,canister
component,auto part,steering wheel
decoration,home decor,hourglass
transportation,vehicle,garbage truck
sweet,candy,caramel
covering,clothing,corset
tool,garden tool,rake
instrument,tool,ratchet
clothing,protective clothing,bulletproof vest
clothing,protective clothing,raincoat
substance,food,rhubarb
substance,food,raisin
storage,container,bottle
vertebrate,mammal,chinchilla
substance,food,sardine
organism,plant,spinach
substance,food,muffin
tool,kitchen tool,juicer
organism,animal,goose
organism,animal,ant
substance,food,rabbit
food,dessert,cheesecake
substance,food,peanut
storage,container,coffee pot
food,breakfast,sausage
transportation,vehicle,wagon
organism,plant,tulip
instrument,tool,spoon
food,dessert,cake
covering,clothing,bow
sweet,candy,taffy
instrument,tool,trowel
storage,container,bucket
component,auto part,exhaust pipe
utilities,toiletry,deodorant
instrument,tool,brush
instrument,medical equipment,tweezers
substance,food,potpie
substance,food,vegetable
vertebrate,mammal,panda
instrument,tool,scraper
substance,food,ravioli
utilities,toiletry,nail polish
substance,food,maple syrup
vertebrate,mammal,walrus
substance,food,spaghetti
sweet,candy,candy bar
produce,fruit,peach
component,auto part,windshield wiper
storage,container,can
instrument,tool,match
transportation,vehicle,hovercraft
utilities,toiletry,curling iron
organism,animal,polar bear
connector,fastener,bolt
substance,food,bok choy
instrument,weapon,machete
food,dessert,milkshake
vertebrate,mammal,tiger
instrument,tool,pipe
animal,sea animal,sea urchin
tool,garden tool,watering can
food product,condiment,mustard
device,electronic device,food processor
substance,food,dumpling
equipment,school supply,folder
component,auto part,roof rack
storage,container,test tube
tool,kitchen tool,sifter
substance,food,pasta
clothing,accessory,bowtie
substance,food,green beans
covering,clothing,boot
decoration,furniture,mattress
produce,fruit,cherry
instrument,tool,latch
clothing,protective clothing,lab coat
vertebrate,mammal,leopard
covering,clothing,snowshoe
decoration,home decor,wallpaper
organism,animal,monkey
clothing,headwear,hood
organism,animal,earwig
vertebrate,mammal,rabbit
decoration,home decor,pillow
food,dessert,creme brulee
substance,food,honey
substance,food,crepe
clothing,women's clothing,lingerie
instrument,tool,sawhorse
substance,food,flour
animal,sea animal,shrimp
substance,food,watermelon
covering,clothing,nightshirt
decoration,home decor,aquarium
storage,container,wheelbarrow
connector,fastener,strap
substance,food,cranberry
covering,footwear,stockings
food,dessert,cupcake
food,seafood,clam
covering,clothing,loincloth
instrument,tool,mop
substance,food,peppermint
substance,food,seafood
covering,clothing,hat
instrument,tool,tweezers
covering,clothing,underwear
equipment,school supply,notebook
substance,food,chicken
decoration,furniture,recliner
substance,food,sandwich
device,electronic device,smoke alarm
covering,clothing,shoe
decoration,home decor,album
instrument,tool,sledgehammer
clothing,accessory,belt buckle
organism,animal,spider
produce,vegetable,artichoke
storage,container,mug
instrument,weapon,slingshot
connector,fastener,peg
device,musical instrument,french horn
device,musical instrument,saxophone
storage,container,wok
organism,animal,penguin
connector,fastener,clothespin
clothing,accessory,headband
transportation,vehicle,rickshaw
device,electronic device,tablet
component,auto part,headrest
tool,garden tool,trowel
animal,sea animal,clam
utilities,toiletry,mascara
instrument,tool,broom
storage,container,wine cooler
substance,food,hotdog
substance,food,grape
produce,vegetable,cilantro
vertebrate,mammal,orangutan
instrument,tool,cord
covering,clothing,fishnet stockings
storage,container,bathtub
food,drink,soda
substance,food,cookie
substance,food,dessert
substance,food,lollipop
vertebrate,mammal,antelope
substance,food,blueberry
artifact,toy,dollhouse
decoration,furniture,highchair
organism,animal,gopher
utilities,toiletry,flatiron
instrument,tool,flyswatter
instrument,medical equipment,inhaler
storage,container,coffin
equipment,school supply,lunchbox
organism,animal,crow
artifact,toy,squirt gun
substance,food,ice cream
device,electronic device,blower
clothing,protective clothing,life jacket
decoration,furniture,rocking chair
instrument,tool,scoop
vertebrate,mammal,hamster
substance,food,strawberry
organism,animal,goat
artifact,toy,train set
substance,food,toast
instrument,tool,anvil
animal,sea animal,snail
equipment,office supply,ink
covering,clothing,beanie
component,auto part,dashboard
instrument,medical equipment,walker
transportation,vehicle,ferry
clothing,outerwear,fur coat
substance,food,guacamole
food,breakfast,croissant
food,dessert,cheese
instrument,tool,staple gun
covering,clothing,panties
connector,fastener,staple
vertebrate,mammal,mouse
animal,sea animal,shark
instrument,weapon,cleaver
vertebrate,mammal,alpaca
utilities,toiletry,washcloth
storage,container,toolbox
decoration,home decor,poster
storage,container,piggy bank
animal,insect,mosquito
substance,food,carrot
organism,animal,sheep
device,electronic device,generator
food,seafood,catfish
vertebrate,mammal,meerkat
instrument,medical equipment,ice pack
transportation,vehicle,skateboard
decoration,home decor,coaster
covering,clothing,polo shirt
vertebrate,mammal,wolf
device,electronic device,webcam
food,dessert,birthday cake
device,electronic device,toaster
organism,animal,giraffe
instrument,medical equipment,bandage
instrument,tool,wrench
produce,vegetable,pea
device,musical instrument,mandolin
storage,container,bowl
decoration,home decor,statue
clothing,accessory,buckle
clothing,women's clothing,dress
food,seafood,caviar
clothing,protective clothing,spacesuit
device,electronic device,hotplate
component,auto part,grille
equipment,school supply,eraser
instrument,weapon,sword
device,musical instrument,horn
transportation,vehicle,snowplow
substance,food,tomato
instrument,tool,dustpan
instrument,weapon,blowtorch
vehicle,water vehicle,airboat
instrument,weapon,gun
tool,kitchen tool,corkscrew
transportation,vehicle,bus
animal,sea animal,catfish
connector,fastener,bow
organism,animal,butterfly
covering,clothing,overalls
activity,game,game
transportation,vehicle,truck
food,dessert,fruitcake
equipment,school supply,binder
organism,plant,artichoke
artifact,toy,hula hoop
substance,food,macaroni
food,dessert,mousse
substance,food,berry
clothing,headwear,beanie
substance,food,gravy
produce,vegetable,leek
vertebrate,mammal,dalmatian
device,musical instrument,harp
organism,animal,octopus
organism,plant,cilantro
substance,food,pumpkin
organism,animal,chick
instrument,medical equipment,wheelchair
covering,clothing,bandana
substance,food,cake mix
activity,game,jump rope
tool,garden tool,hoe
clothing,accessory,tie
food,drink,tea
produce,vegetable,zucchini
clothing,women's clothing,corset
organism,animal,coyote
covering,clothing,leotard
substance,food,olive
covering,clothing,kilt
artifact,toy,yo-yo
instrument,weapon,spear
instrument,tool,hammer
substance,food,sweet potato
substance,food,arugula
instrument,tool,nail file
instrument,tool,blower
device,musical instrument,tambourine
vertebrate,mammal,fox
substance,food,sausage
decoration,home decor,terrarium
covering,clothing,robe
decoration,home decor,doorknocker
vertebrate,mammal,pony
covering,clothing,cummerbund
instrument,medical equipment,swab
equipment,office supply,clipboard
substance,food,kale
component,auto part,seatbelt
animal,livestock,lamb
device,electronic device,cellphone
device,musical instrument,organ
device,electronic device,camera
organism,animal,cougar
device,electronic device,stereo
home appliance,kitchen equipment,freezer
vertebrate,mammal,manatee
instrument,tool,ratchet
substance,food,prune
substance,food,peanut butter
connector,fastener,latch
substance,food,pepper
vertebrate,bird,vulture
substance,food,banana split
food,dessert,caramel
substance,food,flan
decoration,jewelry,anklet
organism,animal,boar
device,electronic device,screen
decoration,jewelry,necklace
home appliance,kitchen equipment,icemaker
home appliance,kitchen equipment,mixer
utilities,toiletry,hairspray
vertebrate,mammal,whale
device,musical instrument,bassoon
produce,fruit,lemon
clothing,headwear,bandana
food,breakfast,syrup
transportation,vehicle,bike
substance,food,tortilla
instrument,tool,can opener
instrument,weapon,missile
substance,food,papaya
storage,container,flask
substance,food,cashew
activity,game,board game
organism,animal,eel
instrument,tool,cleaver
covering,footwear,stiletto
decoration,home decor,birdhouse
storage,container,pocket
food,breakfast,hamburger
food,seafood,crab
organism,animal,camel
substance,food,scone
organism,plant,bonsai
transportation,vehicle,jetski
clothing,accessory,suspenders
covering,clothing,bonnet
vertebrate,mammal,elephant
instrument,weapon,icepick
substance,food,tiramisu
device,electronic device,curling iron
decoration,jewelry,cufflink
vertebrate,bird,chicken
