anchor,anchor-sense,hyponym
home decor,interior_decoration.n.01,lemon
home decor,interior_decoration.n.01,latch
home decor,interior_decoration.n.01,costume
home decor,interior_decoration.n.01,outfit
home decor,interior_decoration.n.01,rabbit
home decor,interior_decoration.n.01,dashboard
home decor,interior_decoration.n.01,coil
home decor,interior_decoration.n.01,dustpan
home decor,interior_decoration.n.01,banana
home decor,interior_decoration.n.01,highlighter
home decor,interior_decoration.n.01,bull
home decor,interior_decoration.n.01,dress
home decor,interior_decoration.n.01,nut
home decor,interior_decoration.n.01,puppy
home decor,interior_decoration.n.01,bolt
home decor,interior_decoration.n.01,green beans
home decor,interior_decoration.n.01,lasagna
home decor,interior_decoration.n.01,trunk
home decor,interior_decoration.n.01,bow
home decor,interior_decoration.n.01,string cheese
home decor,interior_decoration.n.01,trident
home decor,interior_decoration.n.01,robe
home decor,interior_decoration.n.01,scallop
home decor,interior_decoration.n.01,lamb
home decor,interior_decoration.n.01,honey
home decor,interior_decoration.n.01,strawberry
home decor,interior_decoration.n.01,rooster
home decor,interior_decoration.n.01,rifle
home decor,interior_decoration.n.01,apple
home decor,interior_decoration.n.01,jelly bean
home decor,interior_decoration.n.01,sheep
home decor,interior_decoration.n.01,stretcher
home decor,interior_decoration.n.01,duckling
home decor,interior_decoration.n.01,keg
home decor,interior_decoration.n.01,tube top
home decor,interior_decoration.n.01,calf
home decor,interior_decoration.n.01,envelope
home decor,interior_decoration.n.01,backscratcher
home decor,interior_decoration.n.01,alligator
home decor,interior_decoration.n.01,zebra
home decor,interior_decoration.n.01,chain
home decor,interior_decoration.n.01,elephant
home decor,interior_decoration.n.01,whisk
home decor,interior_decoration.n.01,rope
home decor,interior_decoration.n.01,cantaloupe
home decor,interior_decoration.n.01,broom
insect,insect.n.01,margarita
insect,insect.n.01,squirrel
insect,insect.n.01,chair
insect,insect.n.01,worm
insect,insect.n.01,shrimp
insect,insect.n.01,maggot
insect,insect.n.01,maple syrup
insect,insect.n.01,rope
insect,insect.n.01,catfish
insect,insect.n.01,jacket
insect,insect.n.01,creme brulee
insect,insect.n.01,bat
insect,insect.n.01,scoop
insect,insect.n.01,squid
insect,insect.n.01,mole
insect,insect.n.01,toad
insect,insect.n.01,stiletto
insect,insect.n.01,mirror
fruit,edible_fruit.n.01,trident
fruit,edible_fruit.n.01,elephant
fruit,edible_fruit.n.01,duckling
fruit,edible_fruit.n.01,jacket
fruit,edible_fruit.n.01,margarita
fruit,edible_fruit.n.01,rabbit
fruit,edible_fruit.n.01,asparagus
fruit,edible_fruit.n.01,hook
fruit,edible_fruit.n.01,glass
fruit,edible_fruit.n.01,okra
fruit,edible_fruit.n.01,mirror
fruit,edible_fruit.n.01,chickpea
fruit,edible_fruit.n.01,lamb
fruit,edible_fruit.n.01,rack
fruit,edible_fruit.n.01,pecan
fruit,edible_fruit.n.01,ski boots
fruit,edible_fruit.n.01,zebra
fruit,edible_fruit.n.01,squash
fruit,edible_fruit.n.01,chair
fruit,edible_fruit.n.01,turkey
fruit,edible_fruit.n.01,jersey
fruit,edible_fruit.n.01,bean
fruit,edible_fruit.n.01,fruitcake
fruit,edible_fruit.n.01,rope
fruit,edible_fruit.n.01,gourd
fruit,edible_fruit.n.01,juice
fruit,edible_fruit.n.01,almond
fruit,edible_fruit.n.01,olive
fruit,edible_fruit.n.01,corn
fruit,edible_fruit.n.01,bassoon
fruit,edible_fruit.n.01,cinnamon
fruit,edible_fruit.n.01,clove
fruit,edible_fruit.n.01,puppy
fruit,edible_fruit.n.01,artichoke
plant,plant.n.02,trident
plant,plant.n.02,zebra
plant,plant.n.02,dustpan
plant,plant.n.02,pumpkin
plant,plant.n.02,hook
plant,plant.n.02,honey
plant,plant.n.02,alligator
plant,plant.n.02,bassoon
plant,plant.n.02,catfish
plant,plant.n.02,stretcher
plant,plant.n.02,mushroom
plant,plant.n.02,crayfish
plant,plant.n.02,jam
plant,plant.n.02,creme brulee
plant,plant.n.02,whipped cream
plant,plant.n.02,rearview mirror
plant,plant.n.02,cream cheese
plant,plant.n.02,rabbit
plant,plant.n.02,pepper
plant,plant.n.02,pot
plant,plant.n.02,maple syrup
plant,plant.n.02,taffy
plant,plant.n.02,chickpea
plant,plant.n.02,mirror
plant,plant.n.02,pea
plant,plant.n.02,squash
plant,plant.n.02,jacket
plant,plant.n.02,dynamite
plant,plant.n.02,zucchini
plant,plant.n.02,bikini
plant,plant.n.02,elephant
plant,plant.n.02,tube top
plant,plant.n.02,mandolin
plant,plant.n.02,margarita
plant,plant.n.02,bull
plant,plant.n.02,toast
plant,plant.n.02,chain
plant,plant.n.02,rope
plant,plant.n.02,sprouts
plant,plant.n.02,highlighter
plant,plant.n.02,scoop
plant,plant.n.02,cantaloupe
plant,plant.n.02,coil
plant,plant.n.02,latch
plant,plant.n.02,okra
plant,plant.n.02,scallion
plant,plant.n.02,goose
plant,plant.n.02,eel
animal,animal.n.01,cocktail
animal,animal.n.01,tube top
animal,animal.n.01,orchid
animal,animal.n.01,gumball
animal,animal.n.01,chalk
animal,animal.n.01,banana split
animal,animal.n.01,meat
animal,animal.n.01,belt
animal,animal.n.01,pot
animal,animal.n.01,blouse
animal,animal.n.01,ballot box
animal,animal.n.01,piecrust
animal,animal.n.01,hearing aid
animal,animal.n.01,cinnamon
animal,animal.n.01,tea
animal,animal.n.01,broom
animal,animal.n.01,saxophone
animal,animal.n.01,jelly bean
animal,animal.n.01,measuring cup
animal,animal.n.01,pocket watch
animal,animal.n.01,jeep
animal,animal.n.01,strawberry
animal,animal.n.01,mushroom
animal,animal.n.01,pumpkin
animal,animal.n.01,margarita
animal,animal.n.01,poinsettia
animal,animal.n.01,computer
animal,animal.n.01,pea
animal,animal.n.01,taffy
animal,animal.n.01,rocket
animal,animal.n.01,noodle
animal,animal.n.01,abacus
animal,animal.n.01,rack
animal,animal.n.01,chickpea
animal,animal.n.01,brake
animal,animal.n.01,swab
animal,animal.n.01,guacamole
animal,animal.n.01,cane
animal,animal.n.01,car
animal,animal.n.01,tostada
animal,animal.n.01,rifle
animal,animal.n.01,bassoon
animal,animal.n.01,kite
animal,animal.n.01,dollhouse
animal,animal.n.01,airplane
animal,animal.n.01,scoop
animal,animal.n.01,robe
animal,animal.n.01,mandolin
animal,animal.n.01,ski boots
animal,animal.n.01,bumper
animal,animal.n.01,peeler
animal,animal.n.01,jersey
animal,animal.n.01,whisk
animal,animal.n.01,router
animal,animal.n.01,stretcher
animal,animal.n.01,pepper
animal,animal.n.01,rattle
animal,animal.n.01,doghouse
animal,animal.n.01,belt buckle
animal,animal.n.01,wallpaper
animal,animal.n.01,grenade
animal,animal.n.01,zucchini
animal,animal.n.01,rope
animal,animal.n.01,broccoli
animal,animal.n.01,coil
animal,animal.n.01,creme brulee
animal,animal.n.01,stained glass
animal,animal.n.01,gumdrop
animal,animal.n.01,rollerblade
animal,animal.n.01,cordon bleu
animal,animal.n.01,incubator
animal,animal.n.01,tapestry
animal,animal.n.01,spatula
animal,animal.n.01,wheelbarrow
animal,animal.n.01,kaleidoscope
animal,animal.n.01,apple
animal,animal.n.01,aquarium
animal,animal.n.01,bolt
animal,animal.n.01,banjo
animal,animal.n.01,machete
animal,animal.n.01,hook
animal,animal.n.01,hook
animal,animal.n.01,scallion
animal,animal.n.01,prune
animal,animal.n.01,lighter
animal,animal.n.01,okra
animal,animal.n.01,envelope
animal,animal.n.01,rearview mirror
animal,animal.n.01,police car
animal,animal.n.01,stroller
animal,animal.n.01,turntable
animal,animal.n.01,brace
animal,animal.n.01,jacket
animal,animal.n.01,fishbowl
animal,animal.n.01,cantaloupe
animal,animal.n.01,banana
animal,animal.n.01,wrap
animal,animal.n.01,cream cheese
animal,animal.n.01,bowl
animal,animal.n.01,waffle
animal,animal.n.01,backscratcher
animal,animal.n.01,cornbread
animal,animal.n.01,mirror
animal,animal.n.01,knob
animal,animal.n.01,razor blade
animal,animal.n.01,scarecrow
animal,animal.n.01,cheeseburger
animal,animal.n.01,corsage
animal,animal.n.01,artichoke
animal,animal.n.01,lemon
animal,animal.n.01,maple syrup
animal,animal.n.01,lingerie
animal,animal.n.01,shortbread
animal,animal.n.01,hotdog
animal,animal.n.01,leotard
animal,animal.n.01,latch
animal,animal.n.01,granola
animal,animal.n.01,tongs
animal,animal.n.01,quad
animal,animal.n.01,stool
animal,animal.n.01,chain
animal,animal.n.01,celery
animal,animal.n.01,birthday cake
animal,animal.n.01,chariot
animal,animal.n.01,dustpan
animal,animal.n.01,spaghetti
animal,animal.n.01,drum
animal,animal.n.01,whipped cream
animal,animal.n.01,lettuce
animal,animal.n.01,lasagna
animal,animal.n.01,trident
animal,animal.n.01,bonnet
animal,animal.n.01,cheesecake
animal,animal.n.01,tweezers
animal,animal.n.01,peanut
animal,animal.n.01,glass
animal,animal.n.01,bikini
animal,animal.n.01,pickle
animal,animal.n.01,lemonade
animal,animal.n.01,jam
animal,animal.n.01,flour
animal,animal.n.01,chair
animal,animal.n.01,balloon
animal,animal.n.01,robot
animal,animal.n.01,tomato
animal,animal.n.01,ottoman
animal,animal.n.01,clover
animal,animal.n.01,toast
animal,animal.n.01,centerpiece
animal,animal.n.01,sprouts
animal,animal.n.01,string cheese
animal,animal.n.01,honey
animal,animal.n.01,coop
animal,animal.n.01,mascara
animal,animal.n.01,test tube
animal,animal.n.01,triangle
animal,animal.n.01,razor
animal,animal.n.01,cape
animal,animal.n.01,bunkbed
animal,animal.n.01,spear
animal,animal.n.01,squash
animal,animal.n.01,go-kart
animal,animal.n.01,peanut butter
animal,animal.n.01,nail clippers
animal,animal.n.01,flask
animal,animal.n.01,bus
animal,animal.n.01,fruitcake
animal,animal.n.01,onion
animal,animal.n.01,lip balm
animal,animal.n.01,pineapple
animal,animal.n.01,macaroni
animal,animal.n.01,highlighter
animal,animal.n.01,dynamite
animal,animal.n.01,stiletto
animal,animal.n.01,nut
animal,animal.n.01,pinwheel
animal,animal.n.01,fork
animal,animal.n.01,penlight
toiletry,toiletry.n.01,cantaloupe
toiletry,toiletry.n.01,chain
toiletry,toiletry.n.01,coil
toiletry,toiletry.n.01,whisk
toiletry,toiletry.n.01,jacket
toiletry,toiletry.n.01,puppy
toiletry,toiletry.n.01,abacus
toiletry,toiletry.n.01,bolt
toiletry,toiletry.n.01,scallop
toiletry,toiletry.n.01,stretcher
toiletry,toiletry.n.01,backscratcher
toiletry,toiletry.n.01,calf
toiletry,toiletry.n.01,lamb
toiletry,toiletry.n.01,rope
toiletry,toiletry.n.01,tube top
toiletry,toiletry.n.01,duckling
toiletry,toiletry.n.01,latch
toiletry,toiletry.n.01,honey
toiletry,toiletry.n.01,hawk
toiletry,toiletry.n.01,elephant
toiletry,toiletry.n.01,highlighter
toiletry,toiletry.n.01,dustpan
toiletry,toiletry.n.01,bull
toiletry,toiletry.n.01,crayfish
toiletry,toiletry.n.01,envelope
toiletry,toiletry.n.01,nut
toiletry,toiletry.n.01,rooster
toiletry,toiletry.n.01,rabbit
toiletry,toiletry.n.01,hook
toiletry,toiletry.n.01,zebra
toiletry,toiletry.n.01,bassoon
toiletry,toiletry.n.01,keg
food,food.n.01,stove
food,food.n.01,inhaler
food,food.n.01,slicer
food,food.n.01,car
food,food.n.01,canister
food,food.n.01,bonsai
food,food.n.01,handle
food,food.n.01,slug
food,food.n.01,diaper
food,food.n.01,whale
food,food.n.01,balloon
food,food.n.01,lectern
food,food.n.01,wallpaper
food,food.n.01,comb
food,food.n.01,ivy
food,food.n.01,bamboo
food,food.n.01,chinchilla
food,food.n.01,mixer
food,food.n.01,bongo
food,food.n.01,revolver
food,food.n.01,centerpiece
food,food.n.01,latch
food,food.n.01,bonnet
food,food.n.01,eagle
food,food.n.01,water bottle
food,food.n.01,highchair
food,food.n.01,tape recorder
food,food.n.01,anklet
food,food.n.01,chain
food,food.n.01,noisemaker
food,food.n.01,watering can
food,food.n.01,ant
food,food.n.01,ostrich
food,food.n.01,jersey
food,food.n.01,ashtray
food,food.n.01,penguin
food,food.n.01,deodorant
food,food.n.01,chalk
food,food.n.01,puppy
food,food.n.01,doghouse
food,food.n.01,rattlesnake
food,food.n.01,alpaca
food,food.n.01,bunkbed
food,food.n.01,lego
food,food.n.01,stained glass
food,food.n.01,whisk
food,food.n.01,cobra
food,food.n.01,muff
food,food.n.01,closet
food,food.n.01,cape
food,food.n.01,machete
food,food.n.01,cruise ship
food,food.n.01,combination lock
food,food.n.01,hotplate
food,food.n.01,pocket watch
food,food.n.01,tongs
food,food.n.01,nail file
food,food.n.01,buckle
food,food.n.01,cougar
food,food.n.01,rearview mirror
food,food.n.01,razor
food,food.n.01,broom
food,food.n.01,vest
food,food.n.01,cardigan
food,food.n.01,spear
food,food.n.01,cane
food,food.n.01,coffin
food,food.n.01,coaster
food,food.n.01,rollerskate
food,food.n.01,juicer
food,food.n.01,backscratcher
food,food.n.01,moss
food,food.n.01,blouse
food,food.n.01,television
food,food.n.01,jug
food,food.n.01,doll
food,food.n.01,tambourine
food,food.n.01,mirror
food,food.n.01,cord
food,food.n.01,boa
food,food.n.01,skirt
food,food.n.01,mitten
food,food.n.01,rattle
food,food.n.01,sheep
food,food.n.01,ski boots
food,food.n.01,shaving cream
food,food.n.01,ink
food,food.n.01,coil
food,food.n.01,tapestry
food,food.n.01,pin
food,food.n.01,water heater
food,food.n.01,computer
food,food.n.01,shredder
food,food.n.01,centrifuge
food,food.n.01,bus
food,food.n.01,cable
food,food.n.01,bush
food,food.n.01,clarinet
food,food.n.01,weasel
food,food.n.01,birdbath
food,food.n.01,roadsweeper
food,food.n.01,staple
food,food.n.01,leech
food,food.n.01,belt buckle
food,food.n.01,brace
food,food.n.01,hook
food,food.n.01,hook
food,food.n.01,crow
food,food.n.01,chariot
food,food.n.01,gun
food,food.n.01,harp
food,food.n.01,stretcher
food,food.n.01,pinwheel
food,food.n.01,briefcase
food,food.n.01,mascara
food,food.n.01,trident
food,food.n.01,bowl
food,food.n.01,tapestry
food,food.n.01,rocking chair
food,food.n.01,alligator
food,food.n.01,burner
food,food.n.01,water filter
food,food.n.01,grass
food,food.n.01,knob
food,food.n.01,saxophone
food,food.n.01,chair
food,food.n.01,cardinal
food,food.n.01,pitcher
food,food.n.01,bassoon
food,food.n.01,go-kart
food,food.n.01,bowtie
food,food.n.01,abacus
food,food.n.01,marker
food,food.n.01,food processor
food,food.n.01,joystick
food,food.n.01,keg
food,food.n.01,breadbox
food,food.n.01,hourglass
food,food.n.01,maggot
food,food.n.01,brake
food,food.n.01,test tube
food,food.n.01,statue
food,food.n.01,chariot
food,food.n.01,cummerbund
food,food.n.01,bat
food,food.n.01,snail
food,food.n.01,bee
food,food.n.01,footbath
food,food.n.01,sandbag
food,food.n.01,folder
food,food.n.01,bell
food,food.n.01,snail
food,food.n.01,stiletto
food,food.n.01,mongoose
food,food.n.01,spear
food,food.n.01,fishbowl
food,food.n.01,rake
food,food.n.01,hinge
food,food.n.01,calf
food,food.n.01,chessboard
food,food.n.01,skewer
food,food.n.01,kitten
food,food.n.01,rope
food,food.n.01,gazelle
food,food.n.01,dog
food,food.n.01,router
food,food.n.01,seaplane
food,food.n.01,razor blade
food,food.n.01,machine gun
food,food.n.01,stool
food,food.n.01,moose
food,food.n.01,underwear
food,food.n.01,jukebox
food,food.n.01,dishwasher
food,food.n.01,squirt gun
food,food.n.01,hawk
food,food.n.01,mandolin
food,food.n.01,brush
food,food.n.01,pot
food,food.n.01,inkwell
food,food.n.01,crystal ball
food,food.n.01,freezer
food,food.n.01,scoop
food,food.n.01,chopsticks
food,food.n.01,banjo
food,food.n.01,clover
food,food.n.01,microwave
food,food.n.01,dollhouse
food,food.n.01,sweeper
food,food.n.01,jumpsuit
food,food.n.01,kite
food,food.n.01,kaleidoscope
food,food.n.01,horn
food,food.n.01,tube top
food,food.n.01,highlighter
food,food.n.01,duckling
food,food.n.01,coral
food,food.n.01,organ
food,food.n.01,robe
food,food.n.01,belt
food,food.n.01,lightbulb
food,food.n.01,lingerie
food,food.n.01,jacket
food,food.n.01,mole
food,food.n.01,wig
food,food.n.01,rifle
food,food.n.01,costume
food,food.n.01,cuckoo clock
food,food.n.01,rollerblade
food,food.n.01,penlight
food,food.n.01,anteater
food,food.n.01,camcorder
food,food.n.01,lighter
food,food.n.01,chicken wire
food,food.n.01,catapult
food,food.n.01,flamingo
food,food.n.01,glass
food,food.n.01,kangaroo
food,food.n.01,turntable
food,food.n.01,needle
food,food.n.01,bison
food,food.n.01,toaster
food,food.n.01,elephant
food,food.n.01,bull
food,food.n.01,zebra
food,food.n.01,rack
food,food.n.01,trombone
food,food.n.01,dresser
food,food.n.01,incubator
food,food.n.01,nail clippers
food,food.n.01,quill
food,food.n.01,cleaver
food,food.n.01,koala
food,food.n.01,coyote
food,food.n.01,snowshoe
food,food.n.01,drum
food,food.n.01,flask
food,food.n.01,ottoman
food,food.n.01,moth
food,food.n.01,bumper
food,food.n.01,rooster
food,food.n.01,monkey
food,food.n.01,wheelbarrow
food,food.n.01,tumbleweed
food,food.n.01,watch
food,food.n.01,quad
food,food.n.01,whip
food,food.n.01,beaver
food,food.n.01,metal detector
food,food.n.01,measuring cup
food,food.n.01,tweezers
food,food.n.01,ballot box
food,food.n.01,seal
food,food.n.01,dynamite
food,food.n.01,plunger
food,food.n.01,letter opener
food,food.n.01,swab
food,food.n.01,hearing aid
food,food.n.01,christmas tree
food,food.n.01,bolt
food,food.n.01,purse
food,food.n.01,spatula
food,food.n.01,jar
food,food.n.01,stroller
food,food.n.01,drill
food,food.n.01,scarecrow
food,food.n.01,boot
food,food.n.01,dustpan
food,food.n.01,stapler
food,food.n.01,gorilla
food,food.n.01,jump rope
food,food.n.01,ladle
food,food.n.01,flyswatter
food,food.n.01,file
food,food.n.01,sunflower
food,food.n.01,ratchet
food,food.n.01,weed
food,food.n.01,envelope
food,food.n.01,fly
food,food.n.01,corsage
food,food.n.01,limousine
food,food.n.01,book
food,food.n.01,grille
food,food.n.01,pony
food,food.n.01,funnel
food,food.n.01,squirrel
food,food.n.01,bikini
food,food.n.01,hoe
food,food.n.01,poinsettia
food,food.n.01,bulldozer
food,food.n.01,hot-water bottle
food,food.n.01,refrigerator
food,food.n.01,bench
food,food.n.01,tuba
vehicle,vehicle.n.01,taffy
vehicle,vehicle.n.01,mandolin
vehicle,vehicle.n.01,stretcher
vehicle,vehicle.n.01,cream cheese
vehicle,vehicle.n.01,scoop
vehicle,vehicle.n.01,rope
vehicle,vehicle.n.01,spatula
vehicle,vehicle.n.01,duckling
vehicle,vehicle.n.01,car seat
vehicle,vehicle.n.01,string cheese
vehicle,vehicle.n.01,router
vehicle,vehicle.n.01,prune
vehicle,vehicle.n.01,noodle
vehicle,vehicle.n.01,peeler
vehicle,vehicle.n.01,generator
vehicle,vehicle.n.01,margarita
vehicle,vehicle.n.01,honey
vehicle,vehicle.n.01,jelly bean
vehicle,vehicle.n.01,whipped cream
vehicle,vehicle.n.01,dustpan
vehicle,vehicle.n.01,puppy
vehicle,vehicle.n.01,punch
vehicle,vehicle.n.01,cornbread
vehicle,vehicle.n.01,cordon bleu
vehicle,vehicle.n.01,trunk
vehicle,vehicle.n.01,chili
vehicle,vehicle.n.01,bolt
vehicle,vehicle.n.01,rabbit
vehicle,vehicle.n.01,abacus
vehicle,vehicle.n.01,coil
vehicle,vehicle.n.01,bassoon
vehicle,vehicle.n.01,glass
vehicle,vehicle.n.01,guacamole
vehicle,vehicle.n.01,tumbleweed
vehicle,vehicle.n.01,swab
vehicle,vehicle.n.01,hearing aid
vehicle,vehicle.n.01,banana split
vehicle,vehicle.n.01,lemon
vehicle,vehicle.n.01,turkey
vehicle,vehicle.n.01,envelope
vehicle,vehicle.n.01,car door
vehicle,vehicle.n.01,maple syrup
vehicle,vehicle.n.01,dynamite
vehicle,vehicle.n.01,crow
vehicle,vehicle.n.01,latch
vehicle,vehicle.n.01,alligator
vehicle,vehicle.n.01,chain
vehicle,vehicle.n.01,lamb
vehicle,vehicle.n.01,zebra
vehicle,vehicle.n.01,slicer
vehicle,vehicle.n.01,chair
vehicle,vehicle.n.01,bumper
vehicle,vehicle.n.01,broom
vehicle,vehicle.n.01,tube top
vehicle,vehicle.n.01,spear
vehicle,vehicle.n.01,creme brulee
vehicle,vehicle.n.01,tongs
vehicle,vehicle.n.01,highlighter
vehicle,vehicle.n.01,banana
vehicle,vehicle.n.01,lighter
vehicle,vehicle.n.01,apple
vehicle,vehicle.n.01,clover
vehicle,vehicle.n.01,pea
vehicle,vehicle.n.01,hook
vehicle,vehicle.n.01,backscratcher
vehicle,vehicle.n.01,shortbread
vehicle,vehicle.n.01,razor blade
vehicle,vehicle.n.01,whisk
vehicle,vehicle.n.01,tea
vehicle,vehicle.n.01,weasel
mammal,mammal.n.01,staple gun
mammal,mammal.n.01,crayfish
mammal,mammal.n.01,barnacle
mammal,mammal.n.01,tea
mammal,mammal.n.01,mirror
mammal,mammal.n.01,scoop
mammal,mammal.n.01,ant
mammal,mammal.n.01,lobster
mammal,mammal.n.01,taco
mammal,mammal.n.01,celery
mammal,mammal.n.01,lizard
mammal,mammal.n.01,dustpan
mammal,mammal.n.01,cantaloupe
mammal,mammal.n.01,ballot box
mammal,mammal.n.01,shrimp
mammal,mammal.n.01,rope
mammal,mammal.n.01,toast
mammal,mammal.n.01,honey
mammal,mammal.n.01,jacket
mammal,mammal.n.01,bug
mammal,mammal.n.01,bikini
mammal,mammal.n.01,scallion
mammal,mammal.n.01,eel
mammal,mammal.n.01,rack
mammal,mammal.n.01,fork
mammal,mammal.n.01,slug
mammal,mammal.n.01,pineapple
mammal,mammal.n.01,mushroom
mammal,mammal.n.01,fern
mammal,mammal.n.01,rearview mirror
mammal,mammal.n.01,knob
mammal,mammal.n.01,butterfly
mammal,mammal.n.01,glass
mammal,mammal.n.01,balloon
mammal,mammal.n.01,trident
mammal,mammal.n.01,octopus
mammal,mammal.n.01,hook
mammal,mammal.n.01,goldfish
mammal,mammal.n.01,ostrich
mammal,mammal.n.01,tube top
mammal,mammal.n.01,razor
mammal,mammal.n.01,pickle
mammal,mammal.n.01,zucchini
mammal,mammal.n.01,bomb
mammal,mammal.n.01,chair
mammal,mammal.n.01,cockroach
mammal,mammal.n.01,test tube
mammal,mammal.n.01,coral
mammal,mammal.n.01,birthday cake
mammal,mammal.n.01,brace
mammal,mammal.n.01,cocktail
mammal,mammal.n.01,latch
mammal,mammal.n.01,bunkbed
mammal,mammal.n.01,blouse
mammal,mammal.n.01,chickpea
mammal,mammal.n.01,stretcher
mammal,mammal.n.01,keg
mammal,mammal.n.01,clam
mammal,mammal.n.01,margarita
mammal,mammal.n.01,iguana
mammal,mammal.n.01,cane
mammal,mammal.n.01,duckling
mammal,mammal.n.01,whipped cream
mammal,mammal.n.01,maple syrup
mammal,mammal.n.01,rocket
mammal,mammal.n.01,snake
mammal,mammal.n.01,string cheese
mammal,mammal.n.01,leech
mammal,mammal.n.01,pumpkin
mammal,mammal.n.01,grasshopper
mammal,mammal.n.01,catfish
mammal,mammal.n.01,turkey
mammal,mammal.n.01,belt buckle
mammal,mammal.n.01,stiletto
mammal,mammal.n.01,jelly bean
mammal,mammal.n.01,pocket watch
mammal,mammal.n.01,earwig
mammal,mammal.n.01,jellyfish
mammal,mammal.n.01,alligator
mammal,mammal.n.01,mandolin
mammal,mammal.n.01,goose
mammal,mammal.n.01,jam
mammal,mammal.n.01,scallop
mammal,mammal.n.01,jersey
mammal,mammal.n.01,toad
mammal,mammal.n.01,pea
mammal,mammal.n.01,squid
mammal,mammal.n.01,mussel
outerwear,outerwear.n.01,loincloth
outerwear,outerwear.n.01,envelope
outerwear,outerwear.n.01,lemon
outerwear,outerwear.n.01,muff
outerwear,outerwear.n.01,tube top
outerwear,outerwear.n.01,elephant
outerwear,outerwear.n.01,zebra
outerwear,outerwear.n.01,costume
outerwear,outerwear.n.01,margarita
outerwear,outerwear.n.01,bull
outerwear,outerwear.n.01,bassoon
outerwear,outerwear.n.01,dress
outerwear,outerwear.n.01,mirror
outerwear,outerwear.n.01,honey
outerwear,outerwear.n.01,vest
outerwear,outerwear.n.01,underwear
tool,tool.n.01,goose
tool,tool.n.01,lab coat
tool,tool.n.01,lamb
tool,tool.n.01,macaroni
tool,tool.n.01,squirrel
tool,tool.n.01,kaleidoscope
tool,tool.n.01,clam
tool,tool.n.01,lemon
tool,tool.n.01,peanut butter
tool,tool.n.01,lectern
tool,tool.n.01,pepper
tool,tool.n.01,pot
tool,tool.n.01,penguin
tool,tool.n.01,inkwell
tool,tool.n.01,fruitcake
tool,tool.n.01,chariot
tool,tool.n.01,toast
tool,tool.n.01,zebra
tool,tool.n.01,crayfish
tool,tool.n.01,glasses
tool,tool.n.01,noodle
tool,tool.n.01,pinwheel
tool,tool.n.01,spear
tool,tool.n.01,kiwi
tool,tool.n.01,noisemaker
tool,tool.n.01,hearing aid
tool,tool.n.01,pea
tool,tool.n.01,whisk
tool,tool.n.01,stretcher
tool,tool.n.01,pepperoni
tool,tool.n.01,rattle
tool,tool.n.01,cordon bleu
tool,tool.n.01,taffy
tool,tool.n.01,alligator
tool,tool.n.01,blackberry
tool,tool.n.01,whipped cream
tool,tool.n.01,thumbtack
tool,tool.n.01,ottoman
tool,tool.n.01,tiramisu
tool,tool.n.01,margarita
tool,tool.n.01,cantaloupe
tool,tool.n.01,hairbrush
tool,tool.n.01,tractor
tool,tool.n.01,bulldozer
tool,tool.n.01,sprouts
tool,tool.n.01,joystick
tool,tool.n.01,apple
tool,tool.n.01,eraser
tool,tool.n.01,gorilla
tool,tool.n.01,slicer
tool,tool.n.01,abacus
tool,tool.n.01,goose
tool,tool.n.01,grapefruit
tool,tool.n.01,envelope
tool,tool.n.01,granola
tool,tool.n.01,grille
tool,tool.n.01,puppy
tool,tool.n.01,chili
tool,tool.n.01,centerpiece
tool,tool.n.01,cardinal
tool,tool.n.01,balloon
tool,tool.n.01,flamingo
tool,tool.n.01,router
tool,tool.n.01,stapler
tool,tool.n.01,toaster
tool,tool.n.01,first-aid kit
tool,tool.n.01,brass knuckles
tool,tool.n.01,duckling
tool,tool.n.01,maple syrup
tool,tool.n.01,muff
tool,tool.n.01,ostrich
tool,tool.n.01,skewer
tool,tool.n.01,pitcher
tool,tool.n.01,string cheese
tool,tool.n.01,honey
tool,tool.n.01,lasagna
tool,tool.n.01,wheelbarrow
tool,tool.n.01,tube top
tool,tool.n.01,triangle
tool,tool.n.01,rabbit
tool,tool.n.01,machete
tool,tool.n.01,mixer
tool,tool.n.01,creme brulee
tool,tool.n.01,sewing machine
tool,tool.n.01,bikini
tool,tool.n.01,projector
tool,tool.n.01,ice cream
tool,tool.n.01,chalk
tool,tool.n.01,rearview mirror
tool,tool.n.01,toolbox
tool,tool.n.01,salami
tool,tool.n.01,birthday cake
tool,tool.n.01,scallop
tool,tool.n.01,chair
tool,tool.n.01,nut
tool,tool.n.01,calculator
tool,tool.n.01,swab
tool,tool.n.01,tortellini
tool,tool.n.01,pickle
tool,tool.n.01,dagger
tool,tool.n.01,sheep
tool,tool.n.01,strawberry
tool,tool.n.01,dashboard
tool,tool.n.01,jam
tool,tool.n.01,elephant
tool,tool.n.01,french fries
tool,tool.n.01,banana split
tool,tool.n.01,flipper
tool,tool.n.01,zucchini
tool,tool.n.01,watermelon
tool,tool.n.01,spaghetti
tool,tool.n.01,turkey
tool,tool.n.01,calf
tool,tool.n.01,dollhouse
tool,tool.n.01,cocktail
tool,tool.n.01,perfume
tool,tool.n.01,jacket
tool,tool.n.01,crow
tool,tool.n.01,coconut
tool,tool.n.01,rooster
tool,tool.n.01,prune
tool,tool.n.01,clover
tool,tool.n.01,raspberry
tool,tool.n.01,coyote
tool,tool.n.01,mongoose
tool,tool.n.01,highlighter
tool,tool.n.01,workbench
tool,tool.n.01,moose
tool,tool.n.01,christmas tree
tool,tool.n.01,tumbleweed
tool,tool.n.01,lemonade
tool,tool.n.01,tea
tool,tool.n.01,dynamite
tool,tool.n.01,kite
tool,tool.n.01,bull
tool,tool.n.01,banana
tool,tool.n.01,shortbread
tool,tool.n.01,weasel
tool,tool.n.01,bassoon
tool,tool.n.01,burrito
tool,tool.n.01,cheeseburger
tool,tool.n.01,generator
tool,tool.n.01,jelly bean
tool,tool.n.01,mirror
tool,tool.n.01,cream cheese
tool,tool.n.01,bumper
women's clothing,womens_clothing.n.00,latch
women's clothing,womens_clothing.n.00,duckling
women's clothing,womens_clothing.n.00,puppy
women's clothing,womens_clothing.n.00,mirror
women's clothing,womens_clothing.n.00,highlighter
women's clothing,womens_clothing.n.00,dustpan
women's clothing,womens_clothing.n.00,chain
women's clothing,womens_clothing.n.00,envelope
women's clothing,womens_clothing.n.00,lamb
women's clothing,womens_clothing.n.00,whisk
women's clothing,womens_clothing.n.00,vest
women's clothing,womens_clothing.n.00,elephant
women's clothing,womens_clothing.n.00,lemon
women's clothing,womens_clothing.n.00,backscratcher
women's clothing,womens_clothing.n.00,zebra
women's clothing,womens_clothing.n.00,nut
women's clothing,womens_clothing.n.00,leotard
women's clothing,womens_clothing.n.00,honey
women's clothing,womens_clothing.n.00,bull
women's clothing,womens_clothing.n.00,stretcher
electronic device,electronic_device.n.01,cordon bleu
electronic device,electronic_device.n.01,rabbit
electronic device,electronic_device.n.01,trident
electronic device,electronic_device.n.01,jacket
electronic device,electronic_device.n.01,switch
electronic device,electronic_device.n.01,alligator
electronic device,electronic_device.n.01,swab
electronic device,electronic_device.n.01,elephant
electronic device,electronic_device.n.01,grinder
electronic device,electronic_device.n.01,honey
electronic device,electronic_device.n.01,envelope
electronic device,electronic_device.n.01,sheep
electronic device,electronic_device.n.01,nut
electronic device,electronic_device.n.01,videogame
electronic device,electronic_device.n.01,chair
electronic device,electronic_device.n.01,banana
electronic device,electronic_device.n.01,scoop
electronic device,electronic_device.n.01,peeler
electronic device,electronic_device.n.01,lamb
electronic device,electronic_device.n.01,centerpiece
electronic device,electronic_device.n.01,triangle
electronic device,electronic_device.n.01,recorder
electronic device,electronic_device.n.01,bumper
electronic device,electronic_device.n.01,latch
electronic device,electronic_device.n.01,marker
electronic device,electronic_device.n.01,dashboard
electronic device,electronic_device.n.01,prune
electronic device,electronic_device.n.01,cord
electronic device,electronic_device.n.01,goose
electronic device,electronic_device.n.01,lightbulb
electronic device,electronic_device.n.01,tea
electronic device,electronic_device.n.01,tube top
electronic device,electronic_device.n.01,backscratcher
electronic device,electronic_device.n.01,chariot
electronic device,electronic_device.n.01,calculator
electronic device,electronic_device.n.01,abacus
electronic device,electronic_device.n.01,margarita
electronic device,electronic_device.n.01,zebra
electronic device,electronic_device.n.01,highlighter
electronic device,electronic_device.n.01,lighter
electronic device,electronic_device.n.01,broom
electronic device,electronic_device.n.01,dustpan
electronic device,electronic_device.n.01,stretcher
electronic device,electronic_device.n.01,bacon
electronic device,electronic_device.n.01,crow
electronic device,electronic_device.n.01,razor blade
electronic device,electronic_device.n.01,rope
electronic device,electronic_device.n.01,tongs
electronic device,electronic_device.n.01,maple syrup
electronic device,electronic_device.n.01,duckling
electronic device,electronic_device.n.01,toast
electronic device,electronic_device.n.01,robot
electronic device,electronic_device.n.01,spear
electronic device,electronic_device.n.01,apple
electronic device,electronic_device.n.01,vulture
electronic device,electronic_device.n.01,whisk
electronic device,electronic_device.n.01,bolt
electronic device,electronic_device.n.01,lemon
electronic device,electronic_device.n.01,chalk
electronic device,electronic_device.n.01,chili
electronic device,electronic_device.n.01,puppy
electronic device,electronic_device.n.01,clover
electronic device,electronic_device.n.01,spatula
electronic device,electronic_device.n.01,bassoon
electronic device,electronic_device.n.01,rooster
electronic device,electronic_device.n.01,creme brulee
electronic device,electronic_device.n.01,chain
electronic device,electronic_device.n.01,calf
electronic device,electronic_device.n.01,hook
electronic device,electronic_device.n.01,coil
electronic device,electronic_device.n.01,cardinal
electronic device,electronic_device.n.01,stool
electronic device,electronic_device.n.01,stiletto
electronic device,electronic_device.n.01,bull
school supply,school_supply.n.00,abacus
school supply,school_supply.n.00,zebra
school supply,school_supply.n.00,envelope
school supply,school_supply.n.00,backscratcher
school supply,school_supply.n.00,chain
school supply,school_supply.n.00,rooster
school supply,school_supply.n.00,honey
school supply,school_supply.n.00,duckling
school supply,school_supply.n.00,bull
school supply,school_supply.n.00,stretcher
school supply,school_supply.n.00,lamb
school supply,school_supply.n.00,sheep
school supply,school_supply.n.00,coil
school supply,school_supply.n.00,bolt
school supply,school_supply.n.00,noodle
school supply,school_supply.n.00,calf
school supply,school_supply.n.00,nut
school supply,school_supply.n.00,tube top
school supply,school_supply.n.00,elephant
school supply,school_supply.n.00,latch
school supply,school_supply.n.00,dustpan
school supply,school_supply.n.00,spatula
school supply,school_supply.n.00,whisk
school supply,school_supply.n.00,alligator
school supply,school_supply.n.00,bassoon
school supply,school_supply.n.00,puppy
candy,candy.n.01,bull
candy,candy.n.01,trident
candy,candy.n.01,zucchini
candy,candy.n.01,bassoon
candy,candy.n.01,pudding
candy,candy.n.01,calf
candy,candy.n.01,lasagna
candy,candy.n.01,jacket
candy,candy.n.01,pickle
candy,candy.n.01,fruitcake
candy,candy.n.01,scallop
candy,candy.n.01,cantaloupe
candy,candy.n.01,lamb
candy,candy.n.01,elephant
candy,candy.n.01,ski boots
candy,candy.n.01,rabbit
weapon,weapon.n.01,rooster
weapon,weapon.n.01,prune
weapon,weapon.n.01,chain
weapon,weapon.n.01,highlighter
weapon,weapon.n.01,elephant
weapon,weapon.n.01,crow
weapon,weapon.n.01,cream cheese
weapon,weapon.n.01,coil
weapon,weapon.n.01,maple syrup
weapon,weapon.n.01,bolt
weapon,weapon.n.01,broom
weapon,weapon.n.01,zebra
weapon,weapon.n.01,tube top
weapon,weapon.n.01,alligator
weapon,weapon.n.01,honey
weapon,weapon.n.01,abacus
weapon,weapon.n.01,duckling
weapon,weapon.n.01,lamb
weapon,weapon.n.01,peeler
weapon,weapon.n.01,lighter
weapon,weapon.n.01,swab
weapon,weapon.n.01,latch
weapon,weapon.n.01,backscratcher
weapon,weapon.n.01,puppy
weapon,weapon.n.01,margarita
weapon,weapon.n.01,banana
weapon,weapon.n.01,bull
weapon,weapon.n.01,calf
weapon,weapon.n.01,dustpan
weapon,weapon.n.01,tongs
weapon,weapon.n.01,drill
weapon,weapon.n.01,router
weapon,weapon.n.01,jam
weapon,weapon.n.01,envelope
weapon,weapon.n.01,mirror
weapon,weapon.n.01,whipped cream
weapon,weapon.n.01,punch
weapon,weapon.n.01,rake
weapon,weapon.n.01,tea
weapon,weapon.n.01,strawberry
weapon,weapon.n.01,spatula
weapon,weapon.n.01,toast
weapon,weapon.n.01,jelly bean
weapon,weapon.n.01,lemon
weapon,weapon.n.01,whisk
weapon,weapon.n.01,stretcher
weapon,weapon.n.01,saw
weapon,weapon.n.01,plunger
furniture,furniture.n.01,whisk
furniture,furniture.n.01,coil
furniture,furniture.n.01,abacus
furniture,furniture.n.01,zebra
furniture,furniture.n.01,cantaloupe
furniture,furniture.n.01,alligator
furniture,furniture.n.01,bolt
furniture,furniture.n.01,highlighter
furniture,furniture.n.01,mixer
furniture,furniture.n.01,elephant
furniture,furniture.n.01,chain
furniture,furniture.n.01,bull
furniture,furniture.n.01,rope
furniture,furniture.n.01,puppy
furniture,furniture.n.01,centerpiece
furniture,furniture.n.01,duckling
furniture,furniture.n.01,maple syrup
furniture,furniture.n.01,lasagna
furniture,furniture.n.01,nut
furniture,furniture.n.01,stretcher
furniture,furniture.n.01,lemon
furniture,furniture.n.01,mirror
furniture,furniture.n.01,calf
furniture,furniture.n.01,jelly bean
furniture,furniture.n.01,envelope
furniture,furniture.n.01,scallop
furniture,furniture.n.01,dustpan
furniture,furniture.n.01,trident
furniture,furniture.n.01,backscratcher
furniture,furniture.n.01,latch
furniture,furniture.n.01,rabbit
furniture,furniture.n.01,margarita
furniture,furniture.n.01,rooster
furniture,furniture.n.01,lamb
furniture,furniture.n.01,tube top
furniture,furniture.n.01,honey
furniture,furniture.n.01,turkey
furniture,furniture.n.01,strawberry
toy,plaything.n.01,maple syrup
toy,plaything.n.01,backscratcher
toy,plaything.n.01,alligator
toy,plaything.n.01,envelope
toy,plaything.n.01,dustpan
toy,plaything.n.01,lemon
toy,plaything.n.01,mirror
toy,plaything.n.01,margarita
toy,plaything.n.01,bassoon
toy,plaything.n.01,rope
toy,plaything.n.01,calf
toy,plaything.n.01,zebra
toy,plaything.n.01,rabbit
toy,plaything.n.01,bolt
toy,plaything.n.01,stretcher
toy,plaything.n.01,whisk
toy,plaything.n.01,lamb
toy,plaything.n.01,chain
toy,plaything.n.01,nut
toy,plaything.n.01,coil
toy,plaything.n.01,abacus
toy,plaything.n.01,bull
toy,plaything.n.01,cantaloupe
toy,plaything.n.01,noodle
toy,plaything.n.01,latch
toy,plaything.n.01,rearview mirror
toy,plaything.n.01,dynamite
toy,plaything.n.01,honey
toy,plaything.n.01,tube top
toy,plaything.n.01,elephant
toy,plaything.n.01,spear
toy,plaything.n.01,ottoman
toy,plaything.n.01,highlighter
toy,plaything.n.01,jacket
container,container.n.01,centerpiece
container,container.n.01,tweezers
container,container.n.01,bassoon
container,container.n.01,lamb
container,container.n.01,chickpea
container,container.n.01,incubator
container,container.n.01,coaster
container,container.n.01,rope
container,container.n.01,pea
container,container.n.01,calf
container,container.n.01,whipped cream
container,container.n.01,mussel
container,container.n.01,bumper
container,container.n.01,broom
container,container.n.01,prune
container,container.n.01,bonnet
container,container.n.01,eel
container,container.n.01,pickle
container,container.n.01,rooster
container,container.n.01,whisk
container,container.n.01,tongs
container,container.n.01,lasagna
container,container.n.01,roof rack
container,container.n.01,creme brulee
container,container.n.01,mirror
container,container.n.01,funnel
container,container.n.01,nut
container,container.n.01,latch
container,container.n.01,chalk
container,container.n.01,hook
container,container.n.01,scallop
container,container.n.01,bull
container,container.n.01,triangle
container,container.n.01,lemon
container,container.n.01,food processor
container,container.n.01,stool
container,container.n.01,rabbit
container,container.n.01,macaroni
container,container.n.01,jam
container,container.n.01,envelope
container,container.n.01,banana
container,container.n.01,razor
container,container.n.01,bolt
container,container.n.01,router
container,container.n.01,kaleidoscope
container,container.n.01,strawberry
container,container.n.01,margarita
container,container.n.01,spaghetti
container,container.n.01,crayfish
container,container.n.01,zebra
container,container.n.01,refrigerator
container,container.n.01,chain
container,container.n.01,puppy
container,container.n.01,tube top
container,container.n.01,cardinal
container,container.n.01,alligator
container,container.n.01,fruitcake
container,container.n.01,elephant
container,container.n.01,coil
container,container.n.01,toast
container,container.n.01,crow
container,container.n.01,radish
container,container.n.01,noodle
container,container.n.01,pony
container,container.n.01,swab
container,container.n.01,drum
container,container.n.01,duckling
container,container.n.01,mandolin
container,container.n.01,stiletto
container,container.n.01,ostrich
container,container.n.01,tea
container,container.n.01,juicer
container,container.n.01,clam
container,container.n.01,cantaloupe
container,container.n.01,ottoman
container,container.n.01,cordon bleu
container,container.n.01,fly
container,container.n.01,bus
container,container.n.01,kale
container,container.n.01,goose
container,container.n.01,rollerblade
container,container.n.01,catfish
container,container.n.01,cream cheese
container,container.n.01,rearview mirror
container,container.n.01,cocktail
container,container.n.01,sheep
container,container.n.01,zucchini
container,container.n.01,clover
container,container.n.01,spatula
container,container.n.01,string cheese
container,container.n.01,saxophone
container,container.n.01,ski boots
container,container.n.01,tumbleweed
container,container.n.01,cheeseburger
container,container.n.01,moss
container,container.n.01,backscratcher
container,container.n.01,honey
container,container.n.01,stretcher
container,container.n.01,trident
container,container.n.01,maple syrup
container,container.n.01,jacket
container,container.n.01,mascara
container,container.n.01,highlighter
container,container.n.01,abacus
container,container.n.01,turkey
container,container.n.01,cinnamon
seafood,seafood.n.01,elephant
seafood,seafood.n.01,zucchini
seafood,seafood.n.01,cane
seafood,seafood.n.01,knob
seafood,seafood.n.01,meat
seafood,seafood.n.01,fruitcake
seafood,seafood.n.01,aquarium
seafood,seafood.n.01,goose
seafood,seafood.n.01,spaghetti
seafood,seafood.n.01,chair
seafood,seafood.n.01,turkey
seafood,seafood.n.01,jacket
seafood,seafood.n.01,test tube
seafood,seafood.n.01,stiletto
seafood,seafood.n.01,rope
seafood,seafood.n.01,rabbit
seafood,seafood.n.01,mirror
seafood,seafood.n.01,cantaloupe
seafood,seafood.n.01,stool
seafood,seafood.n.01,cinnamon
seafood,seafood.n.01,scoop
seafood,seafood.n.01,belt buckle
seafood,seafood.n.01,pickle
seafood,seafood.n.01,lasagna
kitchen tool,kitchen_utensil.n.01,toaster oven
kitchen tool,kitchen_utensil.n.01,rabbit
kitchen tool,kitchen_utensil.n.01,stove
kitchen tool,kitchen_utensil.n.01,highlighter
kitchen tool,kitchen_utensil.n.01,cardinal
kitchen tool,kitchen_utensil.n.01,turkey
kitchen tool,kitchen_utensil.n.01,bull
kitchen tool,kitchen_utensil.n.01,dustpan
kitchen tool,kitchen_utensil.n.01,backscratcher
kitchen tool,kitchen_utensil.n.01,zebra
kitchen tool,kitchen_utensil.n.01,elephant
kitchen tool,kitchen_utensil.n.01,noodle
kitchen tool,kitchen_utensil.n.01,puppy
kitchen tool,kitchen_utensil.n.01,lasagna
kitchen tool,kitchen_utensil.n.01,duckling
kitchen tool,kitchen_utensil.n.01,honey
kitchen tool,kitchen_utensil.n.01,stretcher
kitchen tool,kitchen_utensil.n.01,toaster
kitchen tool,kitchen_utensil.n.01,mirror
kitchen tool,kitchen_utensil.n.01,lemon
kitchen tool,kitchen_utensil.n.01,rope
kitchen tool,kitchen_utensil.n.01,margarita
kitchen tool,kitchen_utensil.n.01,latch
kitchen tool,kitchen_utensil.n.01,tube top
kitchen tool,kitchen_utensil.n.01,cantaloupe
kitchen tool,kitchen_utensil.n.01,nut
kitchen tool,kitchen_utensil.n.01,lamb
kitchen tool,kitchen_utensil.n.01,dynamite
musical instrument,musical_instrument.n.01,clover
musical instrument,musical_instrument.n.01,zebra
musical instrument,musical_instrument.n.01,dustpan
musical instrument,musical_instrument.n.01,hook
musical instrument,musical_instrument.n.01,chalk
musical instrument,musical_instrument.n.01,coil
musical instrument,musical_instrument.n.01,lamb
musical instrument,musical_instrument.n.01,dynamite
musical instrument,musical_instrument.n.01,rooster
musical instrument,musical_instrument.n.01,alligator
musical instrument,musical_instrument.n.01,whisk
musical instrument,musical_instrument.n.01,scoop
musical instrument,musical_instrument.n.01,duckling
musical instrument,musical_instrument.n.01,puppy
musical instrument,musical_instrument.n.01,elephant
musical instrument,musical_instrument.n.01,jacket
musical instrument,musical_instrument.n.01,generator
musical instrument,musical_instrument.n.01,envelope
musical instrument,musical_instrument.n.01,mixer
musical instrument,musical_instrument.n.01,tube top
musical instrument,musical_instrument.n.01,bull
musical instrument,musical_instrument.n.01,chain
musical instrument,musical_instrument.n.01,latch
musical instrument,musical_instrument.n.01,projector
musical instrument,musical_instrument.n.01,rope
musical instrument,musical_instrument.n.01,swab
musical instrument,musical_instrument.n.01,highlighter
musical instrument,musical_instrument.n.01,rabbit
musical instrument,musical_instrument.n.01,backscratcher
musical instrument,musical_instrument.n.01,lemon
musical instrument,musical_instrument.n.01,stretcher
musical instrument,musical_instrument.n.01,prune
musical instrument,musical_instrument.n.01,margarita
musical instrument,musical_instrument.n.01,hearing aid
clothing,clothing.n.01,duffel bag
clothing,clothing.n.01,tea
clothing,clothing.n.01,scallop
clothing,clothing.n.01,bus
clothing,clothing.n.01,elephant
clothing,clothing.n.01,glass
clothing,clothing.n.01,scoop
clothing,clothing.n.01,spaghetti
clothing,clothing.n.01,pinwheel
clothing,clothing.n.01,spatula
clothing,clothing.n.01,apple
clothing,clothing.n.01,puppy
clothing,clothing.n.01,whisk
clothing,clothing.n.01,rabbit
clothing,clothing.n.01,coil
clothing,clothing.n.01,peanut
clothing,clothing.n.01,honey
clothing,clothing.n.01,gorilla
clothing,clothing.n.01,cream cheese
clothing,clothing.n.01,ottoman
clothing,clothing.n.01,banana
clothing,clothing.n.01,abacus
clothing,clothing.n.01,strawberry
clothing,clothing.n.01,hawk
clothing,clothing.n.01,clover
clothing,clothing.n.01,fruitcake
clothing,clothing.n.01,cantaloupe
clothing,clothing.n.01,velcro
clothing,clothing.n.01,cinnamon
clothing,clothing.n.01,kitten
clothing,clothing.n.01,backscratcher
clothing,clothing.n.01,dollhouse
clothing,clothing.n.01,stroller
clothing,clothing.n.01,hook
clothing,clothing.n.01,centerpiece
clothing,clothing.n.01,trident
clothing,clothing.n.01,goose
clothing,clothing.n.01,mandolin
clothing,clothing.n.01,mirror
clothing,clothing.n.01,corsage
clothing,clothing.n.01,calf
clothing,clothing.n.01,coaster
clothing,clothing.n.01,keg
clothing,clothing.n.01,clothespin
clothing,clothing.n.01,kite
clothing,clothing.n.01,rope
clothing,clothing.n.01,prune
clothing,clothing.n.01,eel
clothing,clothing.n.01,toast
clothing,clothing.n.01,dynamite
clothing,clothing.n.01,zebra
clothing,clothing.n.01,macaroni
clothing,clothing.n.01,crow
clothing,clothing.n.01,peanut butter
clothing,clothing.n.01,duckling
clothing,clothing.n.01,chalk
clothing,clothing.n.01,hearing aid
clothing,clothing.n.01,lamb
clothing,clothing.n.01,latch
clothing,clothing.n.01,funnel
clothing,clothing.n.01,jelly bean
clothing,clothing.n.01,margarita
clothing,clothing.n.01,noodle
clothing,clothing.n.01,maple syrup
clothing,clothing.n.01,stool
clothing,clothing.n.01,whipped cream
clothing,clothing.n.01,jam
clothing,clothing.n.01,lasagna
clothing,clothing.n.01,spear
clothing,clothing.n.01,stretcher
clothing,clothing.n.01,poppy
clothing,clothing.n.01,bolt
clothing,clothing.n.01,pickle
clothing,clothing.n.01,highlighter
clothing,clothing.n.01,bull
clothing,clothing.n.01,cracker
clothing,clothing.n.01,chain
clothing,clothing.n.01,swab
clothing,clothing.n.01,rearview mirror
clothing,clothing.n.01,flask
clothing,clothing.n.01,balloon
clothing,clothing.n.01,rooster
clothing,clothing.n.01,alligator
clothing,clothing.n.01,fork
clothing,clothing.n.01,chickpea
clothing,clothing.n.01,clam
clothing,clothing.n.01,tweezers
clothing,clothing.n.01,washcloth
clothing,clothing.n.01,crayfish
clothing,clothing.n.01,dustpan
clothing,clothing.n.01,string cheese
clothing,clothing.n.01,pea
clothing,clothing.n.01,broom
clothing,clothing.n.01,lemon
clothing,clothing.n.01,bomb
clothing,clothing.n.01,purse
clothing,clothing.n.01,cufflink
clothing,clothing.n.01,bassoon
clothing,clothing.n.01,zucchini
clothing,clothing.n.01,green beans
clothing,clothing.n.01,nut
clothing,clothing.n.01,envelope
clothing,clothing.n.01,turkey
clothing,clothing.n.01,test tube
clothing,clothing.n.01,rocket
clothing,clothing.n.01,bee
clothing,clothing.n.01,patch
clothing,clothing.n.01,cocktail
breakfast,breakfast.n.00,zebra
breakfast,breakfast.n.00,lamb
breakfast,breakfast.n.00,rabbit
breakfast,breakfast.n.00,elephant
breakfast,breakfast.n.00,duckling
breakfast,breakfast.n.00,goose
breakfast,breakfast.n.00,bull
breakfast,breakfast.n.00,turkey
breakfast,breakfast.n.00,noodle
breakfast,breakfast.n.00,stool
breakfast,breakfast.n.00,mussel
breakfast,breakfast.n.00,mirror
breakfast,breakfast.n.00,jacket
breakfast,breakfast.n.00,lasagna
breakfast,breakfast.n.00,crayfish
breakfast,breakfast.n.00,stiletto
breakfast,breakfast.n.00,hook
breakfast,breakfast.n.00,spaghetti
breakfast,breakfast.n.00,macaroni
breakfast,breakfast.n.00,rope
breakfast,breakfast.n.00,fruitcake
breakfast,breakfast.n.00,rearview mirror
breakfast,breakfast.n.00,rocket
breakfast,breakfast.n.00,chair
breakfast,breakfast.n.00,cantaloupe
breakfast,breakfast.n.00,puppy
breakfast,breakfast.n.00,cheesecake
breakfast,breakfast.n.00,marker
breakfast,breakfast.n.00,zucchini
breakfast,breakfast.n.00,trident
breakfast,breakfast.n.00,scallop
breakfast,breakfast.n.00,chickpea
breakfast,breakfast.n.00,cinnamon
breakfast,breakfast.n.00,clam
breakfast,breakfast.n.00,calf
breakfast,breakfast.n.00,pickle
headwear,headdress.n.01,puppy
headwear,headdress.n.01,tube top
headwear,headdress.n.01,lemon
headwear,headdress.n.01,dustpan
headwear,headdress.n.01,elephant
headwear,headdress.n.01,latch
headwear,headdress.n.01,chain
headwear,headdress.n.01,banana
headwear,headdress.n.01,strawberry
headwear,headdress.n.01,maple syrup
headwear,headdress.n.01,zebra
headwear,headdress.n.01,toga
headwear,headdress.n.01,backscratcher
headwear,headdress.n.01,visor
headwear,headdress.n.01,bull
headwear,headdress.n.01,lamb
headwear,headdress.n.01,loincloth
headwear,headdress.n.01,muff
headwear,headdress.n.01,honey
headwear,headdress.n.01,envelope
medical equipment,medical_instrument.n.01,highlighter
medical equipment,medical_instrument.n.01,broom
medical equipment,medical_instrument.n.01,triangle
medical equipment,medical_instrument.n.01,tube top
medical equipment,medical_instrument.n.01,margarita
medical equipment,medical_instrument.n.01,honey
medical equipment,medical_instrument.n.01,envelope
medical equipment,medical_instrument.n.01,puppy
medical equipment,medical_instrument.n.01,dynamite
medical equipment,medical_instrument.n.01,lamb
medical equipment,medical_instrument.n.01,whisk
medical equipment,medical_instrument.n.01,latch
medical equipment,medical_instrument.n.01,rooster
medical equipment,medical_instrument.n.01,dustpan
medical equipment,medical_instrument.n.01,rope
medical equipment,medical_instrument.n.01,lemon
medical equipment,medical_instrument.n.01,spear
medical equipment,medical_instrument.n.01,coil
medical equipment,medical_instrument.n.01,chain
medical equipment,medical_instrument.n.01,mirror
medical equipment,medical_instrument.n.01,stiletto
medical equipment,medical_instrument.n.01,backscratcher
medical equipment,medical_instrument.n.01,duckling
medical equipment,medical_instrument.n.01,zebra
medical equipment,medical_instrument.n.01,bull
medical equipment,medical_instrument.n.01,projector
medical equipment,medical_instrument.n.01,mixer
medical equipment,medical_instrument.n.01,elephant
accessory,accessory.n.01,whisk
accessory,accessory.n.01,bolt
accessory,accessory.n.01,coil
accessory,accessory.n.01,envelope
accessory,accessory.n.01,backscratcher
accessory,accessory.n.01,rope
accessory,accessory.n.01,mirror
accessory,accessory.n.01,kite
accessory,accessory.n.01,bull
accessory,accessory.n.01,dollhouse
accessory,accessory.n.01,lemon
accessory,accessory.n.01,bassoon
accessory,accessory.n.01,jam
accessory,accessory.n.01,lamb
accessory,accessory.n.01,rooster
accessory,accessory.n.01,duckling
accessory,accessory.n.01,honey
accessory,accessory.n.01,elephant
accessory,accessory.n.01,pinwheel
accessory,accessory.n.01,maple syrup
accessory,accessory.n.01,banana
accessory,accessory.n.01,puppy
accessory,accessory.n.01,latch
accessory,accessory.n.01,abacus
accessory,accessory.n.01,margarita
accessory,accessory.n.01,zebra
accessory,accessory.n.01,kaleidoscope
accessory,accessory.n.01,calf
accessory,accessory.n.01,alligator
accessory,accessory.n.01,tube top
accessory,accessory.n.01,chain
accessory,accessory.n.01,nut
accessory,accessory.n.01,highlighter
accessory,accessory.n.01,ottoman
accessory,accessory.n.01,dustpan
accessory,accessory.n.01,stretcher
accessory,accessory.n.01,outfit
accessory,accessory.n.01,funnel
condiment,condiment.n.01,puppy
condiment,condiment.n.01,lamb
condiment,condiment.n.01,noodle
condiment,condiment.n.01,lasagna
condiment,condiment.n.01,bull
condiment,condiment.n.01,rope
condiment,condiment.n.01,zebra
condiment,condiment.n.01,elephant
condiment,condiment.n.01,okra
condiment,condiment.n.01,rabbit
condiment,condiment.n.01,duckling
condiment,condiment.n.01,cantaloupe
condiment,condiment.n.01,scallop
condiment,condiment.n.01,alligator
condiment,condiment.n.01,zucchini
condiment,condiment.n.01,celery
vegetable,vegetable.n.01,dynamite
vegetable,vegetable.n.01,rack
vegetable,vegetable.n.01,bull
vegetable,vegetable.n.01,turkey
vegetable,vegetable.n.01,pickle
vegetable,vegetable.n.01,rearview mirror
vegetable,vegetable.n.01,fruitcake
vegetable,vegetable.n.01,mirror
vegetable,vegetable.n.01,goose
vegetable,vegetable.n.01,ski boots
vegetable,vegetable.n.01,noodle
vegetable,vegetable.n.01,cantaloupe
vegetable,vegetable.n.01,lasagna
vegetable,vegetable.n.01,rope
vegetable,vegetable.n.01,mussel
vegetable,vegetable.n.01,puppy
vegetable,vegetable.n.01,stretcher
vegetable,vegetable.n.01,jacket
vegetable,vegetable.n.01,catfish
vegetable,vegetable.n.01,stool
vegetable,vegetable.n.01,cocktail
vegetable,vegetable.n.01,trident
vegetable,vegetable.n.01,bomb
vegetable,vegetable.n.01,macaroni
vegetable,vegetable.n.01,spaghetti
vegetable,vegetable.n.01,cinnamon
vegetable,vegetable.n.01,calf
vegetable,vegetable.n.01,latch
vegetable,vegetable.n.01,hook
vegetable,vegetable.n.01,pineapple
vegetable,vegetable.n.01,honey
vegetable,vegetable.n.01,tube top
vegetable,vegetable.n.01,eel
vegetable,vegetable.n.01,alligator
vegetable,vegetable.n.01,flask
vegetable,vegetable.n.01,scallop
vegetable,vegetable.n.01,bassoon
vegetable,vegetable.n.01,crayfish
vegetable,vegetable.n.01,clam
vegetable,vegetable.n.01,bikini
vegetable,vegetable.n.01,rabbit
vegetable,vegetable.n.01,elephant
livestock,livestock.n.01,jacket
livestock,livestock.n.01,trident
livestock,livestock.n.01,rope
livestock,livestock.n.01,tube top
livestock,livestock.n.01,bassoon
livestock,livestock.n.01,hook
livestock,livestock.n.01,chariot
livestock,livestock.n.01,stretcher
livestock,livestock.n.01,latch
livestock,livestock.n.01,pickle
livestock,livestock.n.01,meat
livestock,livestock.n.01,chair
livestock,livestock.n.01,mirror
livestock,livestock.n.01,prune
livestock,livestock.n.01,boar
livestock,livestock.n.01,lemon
livestock,livestock.n.01,chinchilla
livestock,livestock.n.01,crayfish
jewelry,jewelry.n.01,centerpiece
jewelry,jewelry.n.01,latch
jewelry,jewelry.n.01,stretcher
jewelry,jewelry.n.01,christmas tree
jewelry,jewelry.n.01,bow
jewelry,jewelry.n.01,calf
jewelry,jewelry.n.01,scallop
jewelry,jewelry.n.01,elephant
jewelry,jewelry.n.01,bull
jewelry,jewelry.n.01,tube top
jewelry,jewelry.n.01,whisk
jewelry,jewelry.n.01,rope
jewelry,jewelry.n.01,zebra
jewelry,jewelry.n.01,puppy
jewelry,jewelry.n.01,lamb
jewelry,jewelry.n.01,duckling
kitchen equipment,kitchen_appliance.n.01,puppy
kitchen equipment,kitchen_appliance.n.01,tube top
kitchen equipment,kitchen_appliance.n.01,rope
kitchen equipment,kitchen_appliance.n.01,cardinal
kitchen equipment,kitchen_appliance.n.01,latch
kitchen equipment,kitchen_appliance.n.01,dustpan
kitchen equipment,kitchen_appliance.n.01,bull
kitchen equipment,kitchen_appliance.n.01,elephant
kitchen equipment,kitchen_appliance.n.01,turkey
kitchen equipment,kitchen_appliance.n.01,honey
kitchen equipment,kitchen_appliance.n.01,lasagna
kitchen equipment,kitchen_appliance.n.01,backscratcher
kitchen equipment,kitchen_appliance.n.01,rabbit
kitchen equipment,kitchen_appliance.n.01,zebra
kitchen equipment,kitchen_appliance.n.01,trident
kitchen equipment,kitchen_appliance.n.01,highlighter
kitchen equipment,kitchen_appliance.n.01,whisk
kitchen equipment,kitchen_appliance.n.01,dynamite
kitchen equipment,kitchen_appliance.n.01,duckling
kitchen equipment,kitchen_appliance.n.01,coil
footwear,footwear.n.01,stretcher
footwear,footwear.n.01,duckling
footwear,footwear.n.01,muff
footwear,footwear.n.01,robe
footwear,footwear.n.01,zebra
footwear,footwear.n.01,puppy
footwear,footwear.n.01,costume
footwear,footwear.n.01,maple syrup
footwear,footwear.n.01,lemon
footwear,footwear.n.01,glove
footwear,footwear.n.01,tube top
footwear,footwear.n.01,elephant
footwear,footwear.n.01,lamb
footwear,footwear.n.01,dress
footwear,footwear.n.01,honey
footwear,footwear.n.01,underwear
fastener,fastener.n.01,honey
fastener,fastener.n.01,ostrich
fastener,fastener.n.01,zebra
fastener,fastener.n.01,cantaloupe
fastener,fastener.n.01,lingerie
fastener,fastener.n.01,rabbit
fastener,fastener.n.01,elephant
fastener,fastener.n.01,dustpan
fastener,fastener.n.01,bull
fastener,fastener.n.01,rope
fastener,fastener.n.01,alligator
fastener,fastener.n.01,pea
fastener,fastener.n.01,backscratcher
fastener,fastener.n.01,envelope
fastener,fastener.n.01,stretcher
fastener,fastener.n.01,chickpea
fastener,fastener.n.01,tube top
fastener,fastener.n.01,noodle
fastener,fastener.n.01,whisk
fastener,fastener.n.01,glass
fastener,fastener.n.01,duckling
fastener,fastener.n.01,highlighter
fastener,fastener.n.01,rearview mirror
fastener,fastener.n.01,weasel
fastener,fastener.n.01,maple syrup
fastener,fastener.n.01,chair
fastener,fastener.n.01,rocket
fastener,fastener.n.01,lamb
fastener,fastener.n.01,mirror
fastener,fastener.n.01,coil
fastener,fastener.n.01,crayfish
fastener,fastener.n.01,mandolin
office supply,office_supply.n.00,noodle
office supply,office_supply.n.00,coil
office supply,office_supply.n.00,latch
office supply,office_supply.n.00,spatula
office supply,office_supply.n.00,bolt
office supply,office_supply.n.00,puppy
office supply,office_supply.n.00,alligator
office supply,office_supply.n.00,whisk
office supply,office_supply.n.00,calf
office supply,office_supply.n.00,dustpan
office supply,office_supply.n.00,abacus
office supply,office_supply.n.00,lamb
office supply,office_supply.n.00,elephant
office supply,office_supply.n.00,bassoon
office supply,office_supply.n.00,mirror
office supply,office_supply.n.00,backscratcher
office supply,office_supply.n.00,letter opener
office supply,office_supply.n.00,bull
office supply,office_supply.n.00,sheep
office supply,office_supply.n.00,chain
office supply,office_supply.n.00,tube top
office supply,office_supply.n.00,duckling
office supply,office_supply.n.00,zebra
office supply,office_supply.n.00,stretcher
office supply,office_supply.n.00,rooster
office supply,office_supply.n.00,honey
drink,beverage.n.01,noodle
drink,beverage.n.01,latch
drink,beverage.n.01,rope
drink,beverage.n.01,crayfish
drink,beverage.n.01,pickle
drink,beverage.n.01,puppy
drink,beverage.n.01,goose
drink,beverage.n.01,elephant
drink,beverage.n.01,trident
drink,beverage.n.01,stiletto
drink,beverage.n.01,calf
drink,beverage.n.01,zebra
drink,beverage.n.01,bull
drink,beverage.n.01,cantaloupe
drink,beverage.n.01,mirror
drink,beverage.n.01,rabbit
drink,beverage.n.01,clam
drink,beverage.n.01,scallop
drink,beverage.n.01,tube top
drink,beverage.n.01,lamb
water vehicle,vessel.n.02,lemon
water vehicle,vessel.n.02,chariot
water vehicle,vessel.n.02,prune
water vehicle,vessel.n.02,chain
water vehicle,vessel.n.02,taffy
water vehicle,vessel.n.02,envelope
water vehicle,vessel.n.02,zebra
water vehicle,vessel.n.02,bull
water vehicle,vessel.n.02,tube top
water vehicle,vessel.n.02,coil
water vehicle,vessel.n.02,bus
water vehicle,vessel.n.02,creme brulee
water vehicle,vessel.n.02,honey
water vehicle,vessel.n.02,dustpan
water vehicle,vessel.n.02,latch
water vehicle,vessel.n.02,jam
water vehicle,vessel.n.02,whisk
water vehicle,vessel.n.02,elephant
water vehicle,vessel.n.02,margarita
water vehicle,vessel.n.02,stretcher
auto part,auto_part.n.01,envelope
auto part,auto_part.n.01,lemon
auto part,auto_part.n.01,latch
auto part,auto_part.n.01,alligator
auto part,auto_part.n.01,stretcher
auto part,auto_part.n.01,bassoon
auto part,auto_part.n.01,scoop
auto part,auto_part.n.01,trident
auto part,auto_part.n.01,tube top
auto part,auto_part.n.01,honey
auto part,auto_part.n.01,chain
auto part,auto_part.n.01,police car
auto part,auto_part.n.01,bolt
auto part,auto_part.n.01,hook
auto part,auto_part.n.01,mirror
auto part,auto_part.n.01,whisk
auto part,auto_part.n.01,zebra
auto part,auto_part.n.01,rooster
auto part,auto_part.n.01,rabbit
auto part,auto_part.n.01,duckling
auto part,auto_part.n.01,rope
auto part,auto_part.n.01,bus
auto part,auto_part.n.01,backscratcher
auto part,auto_part.n.01,car
auto part,auto_part.n.01,dustpan
auto part,auto_part.n.01,dynamite
auto part,auto_part.n.01,highlighter
auto part,auto_part.n.01,elephant
auto part,auto_part.n.01,bull
auto part,auto_part.n.01,coil
protective clothing,protective_covering.n.01,tube top
protective clothing,protective_covering.n.01,puppy
protective clothing,protective_covering.n.01,envelope
protective clothing,protective_covering.n.01,dustpan
protective clothing,protective_covering.n.01,highlighter
protective clothing,protective_covering.n.01,lamb
protective clothing,protective_covering.n.01,rooster
protective clothing,protective_covering.n.01,honey
protective clothing,protective_covering.n.01,backscratcher
protective clothing,protective_covering.n.01,latch
protective clothing,protective_covering.n.01,duckling
protective clothing,protective_covering.n.01,chain
protective clothing,protective_covering.n.01,elephant
protective clothing,protective_covering.n.01,bull
protective clothing,protective_covering.n.01,calf
protective clothing,protective_covering.n.01,stretcher
bird,bird.n.01,whale
bird,bird.n.01,mole
bird,bird.n.01,rope
bird,bird.n.01,beaver
bird,bird.n.01,chinchilla
bird,bird.n.01,rabbit
bird,bird.n.01,margarita
bird,bird.n.01,hook
bird,bird.n.01,crayfish
bird,bird.n.01,eel
bird,bird.n.01,maple syrup
bird,bird.n.01,stool
bird,bird.n.01,chair
bird,bird.n.01,jacket
bird,bird.n.01,mirror
bird,bird.n.01,rearview mirror
bird,bird.n.01,catfish
bird,bird.n.01,bat
bird,bird.n.01,squid
bird,bird.n.01,cocktail
bird,bird.n.01,squirrel
bird,bird.n.01,scoop
bird,bird.n.01,bikini
bird,bird.n.01,birdbath
bird,bird.n.01,birdcage
bird,bird.n.01,dynamite
bird,bird.n.01,birdhouse
bird,bird.n.01,lingerie
game,game.n.01,zebra
game,game.n.01,whisk
game,game.n.01,lamb
game,game.n.01,bassoon
game,game.n.01,maple syrup
game,game.n.01,chain
game,game.n.01,elephant
game,game.n.01,coil
game,game.n.01,backscratcher
game,game.n.01,bull
game,game.n.01,highlighter
game,game.n.01,alligator
game,game.n.01,bolt
game,game.n.01,lingerie
game,game.n.01,envelope
game,game.n.01,honey
game,game.n.01,tube top
game,game.n.01,calf
game,game.n.01,latch
game,game.n.01,dustpan
sea animal,marine_animal.n.01,stool
sea animal,marine_animal.n.01,brace
sea animal,marine_animal.n.01,knob
sea animal,marine_animal.n.01,jacket
sea animal,marine_animal.n.01,slug
sea animal,marine_animal.n.01,crayfish
sea animal,marine_animal.n.01,mole
sea animal,marine_animal.n.01,hook
sea animal,marine_animal.n.01,toast
sea animal,marine_animal.n.01,koala
sea animal,marine_animal.n.01,seaweed
sea animal,marine_animal.n.01,glass
sea animal,marine_animal.n.01,rabbit
sea animal,marine_animal.n.01,goose
sea animal,marine_animal.n.01,turkey
sea animal,marine_animal.n.01,maple syrup
sea animal,marine_animal.n.01,chinchilla
sea animal,marine_animal.n.01,beaver
sea animal,marine_animal.n.01,jam
sea animal,marine_animal.n.01,toad
sea animal,marine_animal.n.01,scoop
sea animal,marine_animal.n.01,rack
sea animal,marine_animal.n.01,fork
sea animal,marine_animal.n.01,cantaloupe
sea animal,marine_animal.n.01,aquarium
sea animal,marine_animal.n.01,rope
sea animal,marine_animal.n.01,stiletto
sea animal,marine_animal.n.01,stretcher
sea animal,marine_animal.n.01,hippopotamus
sea animal,marine_animal.n.01,mirror
dessert,dessert.n.01,zebra
dessert,dessert.n.01,chickpea
dessert,dessert.n.01,highlighter
dessert,dessert.n.01,crayfish
dessert,dessert.n.01,rabbit
dessert,dessert.n.01,appetizer
dessert,dessert.n.01,ski boots
dessert,dessert.n.01,envelope
dessert,dessert.n.01,turkey
dessert,dessert.n.01,hook
dessert,dessert.n.01,pickle
dessert,dessert.n.01,tube top
dessert,dessert.n.01,mirror
dessert,dessert.n.01,calf
dessert,dessert.n.01,alligator
dessert,dessert.n.01,latch
dessert,dessert.n.01,cantaloupe
dessert,dessert.n.01,elephant
dessert,dessert.n.01,zucchini
dessert,dessert.n.01,machine gun
dessert,dessert.n.01,bull
dessert,dessert.n.01,duckling
dessert,dessert.n.01,noodle
dessert,dessert.n.01,goose
dessert,dessert.n.01,jacket
dessert,dessert.n.01,rifle
dessert,dessert.n.01,spaghetti
dessert,dessert.n.01,rocket
dessert,dessert.n.01,rope
dessert,dessert.n.01,scallop
dessert,dessert.n.01,lamb
dessert,dessert.n.01,macaroni
dessert,dessert.n.01,lasagna
dessert,dessert.n.01,mussel
dessert,dessert.n.01,bassoon
dessert,dessert.n.01,mandolin
dessert,dessert.n.01,trident
dessert,dessert.n.01,sheep
garden tool,garden_tool.n.01,mirror
garden tool,garden_tool.n.01,duckling
garden tool,garden_tool.n.01,crank
garden tool,garden_tool.n.01,toolbox
garden tool,garden_tool.n.01,plunger
garden tool,garden_tool.n.01,lamb
garden tool,garden_tool.n.01,drill
garden tool,garden_tool.n.01,bull
garden tool,garden_tool.n.01,rope
garden tool,garden_tool.n.01,punch
garden tool,garden_tool.n.01,spatula
garden tool,garden_tool.n.01,wheelbarrow
garden tool,garden_tool.n.01,grinder
garden tool,garden_tool.n.01,honey
garden tool,garden_tool.n.01,zebra
garden tool,garden_tool.n.01,elephant
garden tool,garden_tool.n.01,backscratcher
garden tool,garden_tool.n.01,puppy
